"channel","field","category","current copy","issue","priority","mapped keyword","ICP pain","feature","advantage","benefit","proposed copy","field limit","character count","customer proof","proof qualification","source URL","checked date","proof status"
"Capterra","Long Description","Default","BigChange provides job management software for UK field teams. Integrates customer relationship management (CRM), job scheduling, live fleet tracking, mobile app, financial management and business intelligence into one simple to use and easy to integrate, cloud-based platform that any business with field workers can thrive on.

Now with AI automations and digital workers (AI agents) that help you accomplish more with less.","The opening matches the category but becomes a feature list, uses first-person customer language indirectly and lacks a specific buyer workflow or qualified proof.","P1","job management software uk (P1, confidence 95); natural ICP form: job management software for UK field teams","Paper, disconnected systems and late field updates weaken control from enquiry to invoice.","CRM, scheduling, live tracking, mobile jobs, finance and BI","Connects office and field information across the job lifecycle","Your team coordinates work with less paper and repeated entry","Job management software for UK field teams brings the office, engineers, vehicles, customers and finances into one working view. BigChange connects CRM, job scheduling, live tracking, mobile job cards, quotes, invoices and business intelligence, so your team can replace paper and disconnected systems without losing control of the job. Schedulers assign work by skills, location and availability. Engineers receive current job information, capture photos and signatures, and return completed records from site. Office teams can follow progress, keep customers updated and move finished work towards invoicing. Rilmac Asbestos Services reports that BigChange reduced its back-office administration resource by approximately 30%. That result is specific to Rilmac's operation.","1000","775","Rilmac Asbestos Services Division | Construction and asbestos abatement | approximately 30% less back-office administration resource","Named-customer result. Preserve 'approximately'. The source attributes the result to Rilmac's BigChange implementation and does not establish a typical outcome.","https://www.bigchange.com/ | https://docs.google.com/spreadsheets/d/1UbipLHa7N5TEIy7evqdyKLaHV87MBwX9W2g2vJaXc88/edit?pli=1&gid=905535356#gid=905535356 | https://app.g2digitalmarkets.com/products/4e18268f-3248-4693-a1e0-a6d200b2e0b2/capterra#content-header | https://www.bigchange.com/success-stories/bigchange-removes-inefficiency-for-rilmac-asbestos-services-division","2026-09-23","Verified on live BigChange case study"
"Capterra","Short Description","Default","BigChange's all-in-one job management software plans, manages, schedules & tracks your UK field teams in a single easy-to-use solution.","The field is at its 135-character limit, relies on 'all-in-one' and does not identify the connected office-to-field workflow.","P1","job management software uk (P1, confidence 95)","Buyers need to identify fit and workflow quickly.","CRM, scheduling, tracking, mobile jobs, invoicing and reporting","Names the connected workflow in one sentence","Your buyer can understand product fit at a glance","Job management software for UK field teams, connecting CRM, scheduling, tracking, mobile jobs, invoicing and reporting.","135","119","None","No customer metric used.","https://www.bigchange.com/ | https://docs.google.com/spreadsheets/d/1UbipLHa7N5TEIy7evqdyKLaHV87MBwX9W2g2vJaXc88/edit?pli=1&gid=905535356#gid=905535356","2026-09-23","No customer proof required"
"Capterra","Target Market","Default","BigChange is the all-in-one Job Management System, helping building maintenance, construction, environmental and other UK field service companies be unstoppable every day.","The market definition is broad and ends with promotional language rather than roles, operating model and problems.","P1","job management software uk (P1, confidence 95)","Field service buyers need a clear statement of who the platform suits.","UK field service workflow coverage","Defines team structure and operational need","Prospects can self-qualify before reading detailed copy","UK field service businesses with office and mobile teams that need to replace paper, coordinate jobs, track progress and invoice completed work.","200","144","None","No customer metric used.","https://www.bigchange.com/ | https://docs.google.com/spreadsheets/d/1UbipLHa7N5TEIy7evqdyKLaHV87MBwX9W2g2vJaXc88/edit?pli=1&gid=905535356#gid=905535356","2026-09-23","No customer proof required"
"Capterra","Long Description","Building Maintenance","BigChange's all-in-one Job Management System is the paperless way for building maintenance companies to plan, manage, schedule & track jobs in one easy to use platform. BigChange helps maintenance companies across the UK to win more work, increase the capacity of their teams, accelerate invoicing & transform cash flow, all whilst reducing operational costs and admin time. Loved by office and field teams alike, our customers are achieving industry leading growth and ROI.","The current copy repeats promotional, paperless and ROI language across categories without a distinct buyer workflow or qualified outcome.","P2","building maintenance software (P2 supporting term, confidence 60)","Reactive and planned maintenance jobs are hard to coordinate across office and field teams.","Scheduling, asset context, mobile job records and live progress","Keeps maintenance work and service history connected","Your team gets clearer job visibility with less paper handling","BigChange gives building maintenance teams one place to manage reactive call-outs, planned visits and the records behind every property and job. Office staff can schedule the right worker, share current site details and follow progress. Mobile teams can receive job information, complete digital job cards, add photos and update status from the field. This helps your business reduce paperwork, improve handovers and keep maintenance work visible through to invoicing.","1000","468","None","No customer metric used.","https://www.bigchange.com/ | https://docs.google.com/spreadsheets/d/1UbipLHa7N5TEIy7evqdyKLaHV87MBwX9W2g2vJaXc88/edit?pli=1&gid=905535356#gid=905535356 | https://app.g2digitalmarkets.com/products/4e18268f-3248-4693-a1e0-a6d200b2e0b2/capterra#content-header","2026-09-23","No customer proof required"
"Capterra","Short Description","Building Maintenance","BigChange's all-in-one Job Management System plans, manages, schedules & tracks your maintenance jobs in one paperless solution.","The current short copy repeats plan, manage, schedule and track language without a distinctive category benefit.","P2","building maintenance software (P2 supporting term, confidence 60)","Reactive and planned maintenance jobs are hard to coordinate across office and field teams.","Scheduling, asset context, mobile job records and live progress","Keeps maintenance work and service history connected","Your team gets clearer job visibility with less paper handling","Manage reactive and planned building maintenance with connected schedules, mobile job cards, site records and invoicing.","135","120","None","No customer metric used.","https://www.bigchange.com/ | https://docs.google.com/spreadsheets/d/1UbipLHa7N5TEIy7evqdyKLaHV87MBwX9W2g2vJaXc88/edit?pli=1&gid=905535356#gid=905535356 | https://app.g2digitalmarkets.com/products/4e18268f-3248-4693-a1e0-a6d200b2e0b2/capterra#content-header","2026-09-23","No customer proof required"
"Capterra","Long Description","CMMS","BigChange Job Management Platform is the paperless way for maintenance companies to plan, manage, schedule & track maintenance jobs in one simple to use and easy to integrate CMMS platform. BigChange helps maintenance companies across the UK to win more work,  increase the capacity of their teams, accelerate invoicing & transform cash flow, all whilst reducing operational costs and admin time. Loved by office and field teams alike, our customers are achieving industry leading growth and ROI.","The current copy repeats promotional, paperless and ROI language across categories without a distinct buyer workflow or qualified outcome.","P2","facilities maintenance software (P1 adjacent term, confidence 95)","Assets, service history and reminders sit in separate systems.","Asset records, maintenance scheduling, service reminders and mobile updates","Connects maintenance activity to the relevant asset and history","Your team can plan work with fewer information gaps","BigChange connects work orders, equipment records, maintenance schedules, inspections and mobile updates for teams that need practical CMMS capabilities alongside field operations. Planned and reactive work can be assigned from a central schedule, with job details and service information available to mobile workers. Completed forms, notes and costs flow back to the office, giving managers clearer maintenance history and fewer disconnected records.","1000","451","None","No customer metric used.","https://www.bigchange.com/ | https://docs.google.com/spreadsheets/d/1UbipLHa7N5TEIy7evqdyKLaHV87MBwX9W2g2vJaXc88/edit?pli=1&gid=905535356#gid=905535356 | https://app.g2digitalmarkets.com/products/4e18268f-3248-4693-a1e0-a6d200b2e0b2/capterra#content-header","2026-09-23","No customer proof required"
"Capterra","Short Description","CMMS","BigChange Job Management Platform plans, manages, schedules & tracks your building maintenance jobs in one paperless solution.","The current short copy repeats plan, manage, schedule and track language without a distinctive category benefit.","P2","facilities maintenance software (P1 adjacent term, confidence 95)","Assets, service history and reminders sit in separate systems.","Asset records, maintenance scheduling, service reminders and mobile updates","Connects maintenance activity to the relevant asset and history","Your team can plan work with fewer information gaps","Connect work orders, equipment records, maintenance schedules, inspections and mobile updates for clearer asset control.","135","120","None","No customer metric used.","https://www.bigchange.com/ | https://docs.google.com/spreadsheets/d/1UbipLHa7N5TEIy7evqdyKLaHV87MBwX9W2g2vJaXc88/edit?pli=1&gid=905535356#gid=905535356 | https://app.g2digitalmarkets.com/products/4e18268f-3248-4693-a1e0-a6d200b2e0b2/capterra#content-header","2026-09-23","No customer proof required"
"Capterra","Long Description","Calendar","BigChange provides job management software for UK field teams. Integrates customer relationship management (CRM), job scheduling, live fleet tracking, mobile app, financial management and business intelligence into one simple to use and easy to integrate, cloud-based platform that any business with field workers can thrive on.

Now with AI automations and digital workers (AI agents) that help you accomplish more with less.","The category inherits the generic default description and does not answer category-specific buyer intent.","P0","job scheduling software uk (P1 adjacent term, confidence 95)","Schedulers rebuild the day when urgent work or delays appear.","Shared visual calendar and job-resource scheduling","Updates office plans and field assignments from one workflow","Your team responds to change without spreadsheet rework","BigChange turns the job calendar into a live planning view for field teams. Office staff can see availability, allocate jobs, adjust plans and keep customer and job details connected to each booking. Mobile workers receive updated schedules and job information without relying on calls, whiteboards or printed diaries. This helps your team respond to change, reduce scheduling clashes and keep workloads visible.","1000","412","None","No customer metric used.","https://www.bigchange.com/ | https://docs.google.com/spreadsheets/d/1UbipLHa7N5TEIy7evqdyKLaHV87MBwX9W2g2vJaXc88/edit?pli=1&gid=905535356#gid=905535356 | https://app.g2digitalmarkets.com/products/4e18268f-3248-4693-a1e0-a6d200b2e0b2/capterra#content-header","2026-09-23","No customer proof required"
"Capterra","Short Description","Calendar","BigChange's all-in-one job management software plans, manages, schedules & tracks your UK field teams in a single easy-to-use solution.","The category inherits the generic default short description and does not identify the category workflow.","P0","job scheduling software uk (P1 adjacent term, confidence 95)","Schedulers rebuild the day when urgent work or delays appear.","Shared visual calendar and job-resource scheduling","Updates office plans and field assignments from one workflow","Your team responds to change without spreadsheet rework","Plan jobs and field teams in a live calendar, with current customer details, mobile updates and clearer workload visibility.","135","124","None","No customer metric used.","https://www.bigchange.com/ | https://docs.google.com/spreadsheets/d/1UbipLHa7N5TEIy7evqdyKLaHV87MBwX9W2g2vJaXc88/edit?pli=1&gid=905535356#gid=905535356 | https://app.g2digitalmarkets.com/products/4e18268f-3248-4693-a1e0-a6d200b2e0b2/capterra#content-header","2026-09-23","No customer proof required"
"Capterra","Long Description","Contractor Management","BigChange Job Management Platform is the paperless way for companies to plan, manage, schedule & track jobs in one simple to use and easy to integrate platform. BigChange helps companies across the UK to win more work, increase the capacity of their teams, accelerate invoicing & transform cash flow, all whilst reducing operational costs and admin time. Loved by office and field teams alike, our customers are achieving industry leading growth and ROI.","The current copy repeats promotional, paperless and ROI language across categories without a distinct buyer workflow or qualified outcome.","P2","subcontractor management software (P2 supporting term, confidence 60)","Subcontractor allocation, acceptance and updates are scattered across calls and messages.","Contractor allocation, shared job details and status updates","Keeps external resources inside the job workflow","Your office gains visibility without chasing every update","BigChange helps businesses coordinate contractors with the same job, customer and scheduling information used for internal teams. Contractor details, work records, documents and assigned jobs can stay connected, while permissions help control access to relevant information. Office teams gain a clearer view of who is doing what and when, reducing fragmented handovers and manual follow-up.","1000","390","None","No customer metric used.","https://www.bigchange.com/ | https://docs.google.com/spreadsheets/d/1UbipLHa7N5TEIy7evqdyKLaHV87MBwX9W2g2vJaXc88/edit?pli=1&gid=905535356#gid=905535356 | https://app.g2digitalmarkets.com/products/4e18268f-3248-4693-a1e0-a6d200b2e0b2/capterra#content-header","2026-09-23","No customer proof required"
"Capterra","Short Description","Contractor Management","BigChange Job Management Platform plans, manages, schedules & tracks your contractor's jobs in one paperless solution.","The current short copy repeats plan, manage, schedule and track language without a distinctive category benefit.","P2","subcontractor management software (P2 supporting term, confidence 60)","Subcontractor allocation, acceptance and updates are scattered across calls and messages.","Contractor allocation, shared job details and status updates","Keeps external resources inside the job workflow","Your office gains visibility without chasing every update","Coordinate contractor details, schedules, documents and work records alongside internal teams in one connected job view.","135","120","None","No customer metric used.","https://www.bigchange.com/ | https://docs.google.com/spreadsheets/d/1UbipLHa7N5TEIy7evqdyKLaHV87MBwX9W2g2vJaXc88/edit?pli=1&gid=905535356#gid=905535356 | https://app.g2digitalmarkets.com/products/4e18268f-3248-4693-a1e0-a6d200b2e0b2/capterra#content-header","2026-09-23","No customer proof required"
"Capterra","Long Description","Delivery Management","BigChange Job Management Platform is the paperless way for companies to plan, manage, schedule & track deliveries in one simple to use and easy to integrate platform. Our smart scheduling uses real time data to optimise routing and allocate the perfect resource for each job helping delivery companies improve efficiency and cut costs. Loved by office and field teams alike, our customers are achieving industry leading growth and ROI.","The current copy repeats promotional, paperless and ROI language across categories without a distinct buyer workflow or qualified outcome.","P2","electronic proof of delivery software (P2 supporting term, confidence 60)","Delivery outcomes and customer sign-off reach the office late.","Mobile job details, signatures, photos and completion records","Creates a digital proof trail at the point of service","Your office sees delivery outcomes sooner","BigChange helps delivery and field operations teams plan work, assign drivers or mobile workers and track progress from dispatch to completion. Current addresses, instructions and job details reach the mobile app, while location and status updates give the office visibility during the day. Digital completion records reduce paper handovers and help customer and finance teams act on completed work sooner.","1000","406","None","No customer metric used.","https://www.bigchange.com/ | https://docs.google.com/spreadsheets/d/1UbipLHa7N5TEIy7evqdyKLaHV87MBwX9W2g2vJaXc88/edit?pli=1&gid=905535356#gid=905535356 | https://app.g2digitalmarkets.com/products/4e18268f-3248-4693-a1e0-a6d200b2e0b2/capterra#content-header","2026-09-23","No customer proof required"
"Capterra","Short Description","Delivery Management","BigChange Job Management Platform plans, manages, schedules & tracks your deliveries in one cloud-based, easy-to-use solution.","The current short copy repeats plan, manage, schedule and track language without a distinctive category benefit.","P2","electronic proof of delivery software (P2 supporting term, confidence 60)","Delivery outcomes and customer sign-off reach the office late.","Mobile job details, signatures, photos and completion records","Creates a digital proof trail at the point of service","Your office sees delivery outcomes sooner","Plan and track delivery work with mobile instructions, live status updates and digital completion records.","135","106","None","No customer metric used.","https://www.bigchange.com/ | https://docs.google.com/spreadsheets/d/1UbipLHa7N5TEIy7evqdyKLaHV87MBwX9W2g2vJaXc88/edit?pli=1&gid=905535356#gid=905535356 | https://app.g2digitalmarkets.com/products/4e18268f-3248-4693-a1e0-a6d200b2e0b2/capterra#content-header","2026-09-23","No customer proof required"
"Capterra","Long Description","Electrical Contractor","BigChange's all-in-one Job Management System is the paperless way for electrical businesses to plan, manage, schedule & track jobs in one easy to use, cloud-based system. BigChange helps electrical companies across the UK to win more work, increase the capacity of their teams, accelerate invoicing & transform cash flow, all whilst reducing operational costs and admin time. Loved by office  and field based teams alike, our customers are achieving industry leading growth and ROI.","The current copy repeats promotional, paperless and ROI language across categories without a distinct buyer workflow or qualified outcome.","P2","electrician job management software uk (P1, confidence 95)","Electrical job details and site records do not move cleanly between office and engineers.","Scheduling, mobile job details, digital records, quotes and invoices","Connects the electrical job from assignment to completion","Your team reduces re-entry and keeps work moving","BigChange is job management software for electrical contractors that connects enquiries, quotes, scheduling, field job cards, forms, stock, invoicing and customer history. Office teams can plan engineers and see progress, while electricians receive job details and record work from site. This gives your business a clearer path from first contact to completed job, with less paper and fewer repeated updates.","1000","408","None","No customer metric used.","https://www.bigchange.com/ | https://docs.google.com/spreadsheets/d/1UbipLHa7N5TEIy7evqdyKLaHV87MBwX9W2g2vJaXc88/edit?pli=1&gid=905535356#gid=905535356 | https://app.g2digitalmarkets.com/products/4e18268f-3248-4693-a1e0-a6d200b2e0b2/capterra#content-header","2026-09-23","No customer proof required"
"Capterra","Short Description","Electrical Contractor","BigChange's all-in-one Job Management System helps UK electricians plan, manage, schedule & track jobs in 1 paperless solution.","The current short copy repeats plan, manage, schedule and track language without a distinctive category benefit.","P2","electrician job management software uk (P1, confidence 95)","Electrical job details and site records do not move cleanly between office and engineers.","Scheduling, mobile job details, digital records, quotes and invoices","Connects the electrical job from assignment to completion","Your team reduces re-entry and keeps work moving","Connect electrical quotes, engineer schedules, field job cards, forms, stock, customer history and invoicing.","135","109","None","No customer metric used.","https://www.bigchange.com/ | https://docs.google.com/spreadsheets/d/1UbipLHa7N5TEIy7evqdyKLaHV87MBwX9W2g2vJaXc88/edit?pli=1&gid=905535356#gid=905535356 | https://app.g2digitalmarkets.com/products/4e18268f-3248-4693-a1e0-a6d200b2e0b2/capterra#content-header","2026-09-23","No customer proof required"
"Capterra","Long Description","Equipment Maintenance","BigChange's all-in-one Job Management System is built to help equipment maintenance companies be Unstoppable. Integrating customer relationship management (CRM), job scheduling, live tracking, mobile app, financial management & business intelligence into one simple to use and easy to implement system that equipment maintenance companies can thrive on.","The current copy repeats promotional, paperless and ROI language across categories without a distinct buyer workflow or qualified outcome.","P2","field service asset management software; service reminder software (P2 supporting terms, confidence 60)","Teams lack one view of equipment history and upcoming service work.","Asset records, service reminders, engineer scheduling and mobile updates","Keeps equipment context with each maintenance job","Your team can act before service work is missed","BigChange helps equipment maintenance teams organise assets, planned service, reactive repairs and the work history attached to each job. Schedulers can assign technicians and share equipment and site information, while mobile workers record checks, notes, photos, parts and completion details. Connected records make it easier to see outstanding work, support consistent servicing and prepare completed jobs for billing.","1000","421","None","No customer metric used.","https://www.bigchange.com/ | https://docs.google.com/spreadsheets/d/1UbipLHa7N5TEIy7evqdyKLaHV87MBwX9W2g2vJaXc88/edit?pli=1&gid=905535356#gid=905535356 | https://app.g2digitalmarkets.com/products/4e18268f-3248-4693-a1e0-a6d200b2e0b2/capterra#content-header","2026-09-23","No customer proof required"
"Capterra","Short Description","Equipment Maintenance","BigChange's all-in-one Job Management System helps you plan, manage, schedule & track equipment maintenance jobs in one place.","The current short copy repeats plan, manage, schedule and track language without a distinctive category benefit.","P2","field service asset management software; service reminder software (P2 supporting terms, confidence 60)","Teams lack one view of equipment history and upcoming service work.","Asset records, service reminders, engineer scheduling and mobile updates","Keeps equipment context with each maintenance job","Your team can act before service work is missed","Organise equipment service, repairs, technician schedules, mobile checks, parts and work history in one job record.","135","115","None","No customer metric used.","https://www.bigchange.com/ | https://docs.google.com/spreadsheets/d/1UbipLHa7N5TEIy7evqdyKLaHV87MBwX9W2g2vJaXc88/edit?pli=1&gid=905535356#gid=905535356 | https://app.g2digitalmarkets.com/products/4e18268f-3248-4693-a1e0-a6d200b2e0b2/capterra#content-header","2026-09-23","No customer proof required"
"Capterra","Long Description","Facility Management","BigChange's all-in-one Job Management System is the paperless way for FM companies to plan, manage, schedule & track jobs in one simple to use and easy to implement platform. BigChange helps FM companies across the UK to win more work,  increase the capacity of their teams, accelerate invoicing & transform cash flow, all whilst reducing operational costs and admin time. Loved by office and field teams alike, our customers are achieving industry leading growth and ROI.","The current copy repeats promotional, paperless and ROI language across categories without a distinct buyer workflow or qualified outcome.","P2","facilities maintenance software (P1, confidence 95)","Facilities teams coordinate jobs, assets and contractors across disconnected tools.","Job scheduling, asset context, mobile workflows and customer updates","Creates one operating view from request to completion","Your office and field teams work from the same information","BigChange gives facilities management teams one operational view of service requests, sites, planned maintenance, reactive jobs, engineers and contractors. Work can be scheduled and tracked from the office, while mobile teams receive current details and complete digital records on site. This helps your business reduce admin, improve job visibility and keep customers informed across multiple locations.","1000","404","None","No customer metric used.","https://www.bigchange.com/ | https://docs.google.com/spreadsheets/d/1UbipLHa7N5TEIy7evqdyKLaHV87MBwX9W2g2vJaXc88/edit?pli=1&gid=905535356#gid=905535356 | https://app.g2digitalmarkets.com/products/4e18268f-3248-4693-a1e0-a6d200b2e0b2/capterra#content-header","2026-09-23","No customer proof required"
"Capterra","Short Description","Facility Management","BigChange's all-in-one Job Management System plans, manages, schedules & tracks your FM jobs in one paperless solution.","The current short copy repeats plan, manage, schedule and track language without a distinctive category benefit.","P2","facilities maintenance software (P1, confidence 95)","Facilities teams coordinate jobs, assets and contractors across disconnected tools.","Job scheduling, asset context, mobile workflows and customer updates","Creates one operating view from request to completion","Your office and field teams work from the same information","Manage facilities work across sites with connected requests, schedules, engineers, contractors and mobile records.","135","114","None","No customer metric used.","https://www.bigchange.com/ | https://docs.google.com/spreadsheets/d/1UbipLHa7N5TEIy7evqdyKLaHV87MBwX9W2g2vJaXc88/edit?pli=1&gid=905535356#gid=905535356 | https://app.g2digitalmarkets.com/products/4e18268f-3248-4693-a1e0-a6d200b2e0b2/capterra#content-header","2026-09-23","No customer proof required"
"Capterra","Long Description","Field Service Management","BigChange's all-in-one Field Service Management System is the paperless way to plan, manage, schedule & track jobs in one simple to use and easy to implement platform. BigChange helps field service companies across the UK to win more work,  increase the capacity of their teams, accelerate invoicing & transform cash flow, all whilst reducing operational costs and admin time. Loved by office and field teams alike, our customers are achieving industry leading growth and ROI.","The current copy repeats promotional, paperless and ROI language across categories without a distinct buyer workflow or qualified outcome.","P2","field service management software (P2 supporting term, confidence 60)","CRM, scheduling, field activity, finance and reporting are disconnected.","CRM, scheduling, tracking, mobile workflows, invoicing and BI","Connects the full job lifecycle in one platform","Your team gains control without stitching systems together","BigChange is field service management software for UK businesses that need to connect office planning with work in the field. It brings customer records, quotes, scheduling, dispatch, live tracking, mobile job cards, forms, timesheets, invoicing and reporting together. Your team can allocate work with more context, capture updates at the job and move completed work towards invoicing without re-entering the same information.","1000","427","None","No customer metric used.","https://www.bigchange.com/ | https://docs.google.com/spreadsheets/d/1UbipLHa7N5TEIy7evqdyKLaHV87MBwX9W2g2vJaXc88/edit?pli=1&gid=905535356#gid=905535356 | https://app.g2digitalmarkets.com/products/4e18268f-3248-4693-a1e0-a6d200b2e0b2/capterra#content-header","2026-09-23","No customer proof required"
"Capterra","Short Description","Field Service Management","BigChange's Field Service Management System helps UK service businesses plan, manage, schedule & track jobs in one paperless solution.","The current short copy repeats plan, manage, schedule and track language without a distinctive category benefit.","P2","field service management software (P2 supporting term, confidence 60)","CRM, scheduling, field activity, finance and reporting are disconnected.","CRM, scheduling, tracking, mobile workflows, invoicing and BI","Connects the full job lifecycle in one platform","Your team gains control without stitching systems together","Field service management software connecting customers, scheduling, dispatch, mobile work, tracking and invoicing.","135","114","None","No customer metric used.","https://www.bigchange.com/ | https://docs.google.com/spreadsheets/d/1UbipLHa7N5TEIy7evqdyKLaHV87MBwX9W2g2vJaXc88/edit?pli=1&gid=905535356#gid=905535356 | https://app.g2digitalmarkets.com/products/4e18268f-3248-4693-a1e0-a6d200b2e0b2/capterra#content-header","2026-09-23","No customer proof required"
"Capterra","Long Description","Forms Automation","BigChange provides job management software for UK field teams. Integrates customer relationship management (CRM), job scheduling, live fleet tracking, mobile app, financial management and business intelligence into one simple to use and easy to integrate, cloud-based platform that any business with field workers can thrive on.

Now with AI automations and digital workers (AI agents) that help you accomplish more with less.","The category inherits the generic default description and does not answer category-specific buyer intent.","P0","job sheet software; job card software (P2 supporting terms, confidence 60)","Paper job sheets arrive late or incomplete.","Reusable mobile forms, job cards, signatures and photos","Captures structured field evidence at the job","Your office receives clearer records without rekeying paper","BigChange replaces paper job sheets and disconnected forms with digital workflows that mobile workers can complete at the point of service. Teams can use structured worksheets to capture job details, checks, photos and completion information, then return that record to the office with the job. This reduces re-keying, missing paperwork and delays between field completion and the next office action.","1000","400","None","No customer metric used.","https://www.bigchange.com/ | https://docs.google.com/spreadsheets/d/1UbipLHa7N5TEIy7evqdyKLaHV87MBwX9W2g2vJaXc88/edit?pli=1&gid=905535356#gid=905535356 | https://app.g2digitalmarkets.com/products/4e18268f-3248-4693-a1e0-a6d200b2e0b2/capterra#content-header","2026-09-23","No customer proof required"
"Capterra","Short Description","Forms Automation","BigChange's all-in-one job management software plans, manages, schedules & tracks your UK field teams in a single easy-to-use solution.","The category inherits the generic default short description and does not identify the category workflow.","P0","job sheet software; job card software (P2 supporting terms, confidence 60)","Paper job sheets arrive late or incomplete.","Reusable mobile forms, job cards, signatures and photos","Captures structured field evidence at the job","Your office receives clearer records without rekeying paper","Replace paper job sheets with mobile forms that capture checks, photos and completion details in the job record.","135","112","None","No customer metric used.","https://www.bigchange.com/ | https://docs.google.com/spreadsheets/d/1UbipLHa7N5TEIy7evqdyKLaHV87MBwX9W2g2vJaXc88/edit?pli=1&gid=905535356#gid=905535356 | https://app.g2digitalmarkets.com/products/4e18268f-3248-4693-a1e0-a6d200b2e0b2/capterra#content-header","2026-09-23","No customer proof required"
"Capterra","Long Description","Garage Door","BigChange Job Management Platform is the paperless way for garage door businesses to plan, manage, schedule & track their engineers in one simple to use and easy to integrate platform. BigChange helps garage door companies across the UK to win more work, increase team capacity accelerate invoicing & transform cash flow, all whilst reducing operational costs and admin time. Loved by office and field teams alike, our customers are achieving industry leading growth and ROI.","The current copy repeats promotional, paperless and ROI language across categories without a distinct buyer workflow or qualified outcome.","P2","industrial door software (P2 adjacent term, confidence 60)","Installation and service visits are difficult to coordinate across mobile teams.","Customer records, scheduling, mobile jobs and completion evidence","Keeps door service work connected from office to site","Your team gets a clearer view of every visit","BigChange helps garage door service businesses manage customer enquiries, quotes, engineer schedules, installation and repair jobs, mobile worksheets and invoices. Office teams can see workloads and progress, while technicians receive site details and record work in the field. Connected job records help your business reduce paperwork, respond to urgent repairs and keep repeat service work organised.","1000","402","None","No customer metric used.","https://www.bigchange.com/ | https://docs.google.com/spreadsheets/d/1UbipLHa7N5TEIy7evqdyKLaHV87MBwX9W2g2vJaXc88/edit?pli=1&gid=905535356#gid=905535356 | https://app.g2digitalmarkets.com/products/4e18268f-3248-4693-a1e0-a6d200b2e0b2/capterra#content-header","2026-09-23","No customer proof required"
"Capterra","Short Description","Garage Door","BigChange's Job Management Platform is the paperless way for garage door businesses to plan, manage, schedule & track their workforce","The current short copy repeats plan, manage, schedule and track language without a distinctive category benefit.","P2","industrial door software (P2 adjacent term, confidence 60)","Installation and service visits are difficult to coordinate across mobile teams.","Customer records, scheduling, mobile jobs and completion evidence","Keeps door service work connected from office to site","Your team gets a clearer view of every visit","Manage garage door quotes, installations, repairs, engineer schedules, mobile records and invoices in one workflow.","135","115","None","No customer metric used.","https://www.bigchange.com/ | https://docs.google.com/spreadsheets/d/1UbipLHa7N5TEIy7evqdyKLaHV87MBwX9W2g2vJaXc88/edit?pli=1&gid=905535356#gid=905535356 | https://app.g2digitalmarkets.com/products/4e18268f-3248-4693-a1e0-a6d200b2e0b2/capterra#content-header","2026-09-23","No customer proof required"
"Capterra","Long Description","HVAC","BigChange's all-in-one UK Job Management System is the paperless way for HVAC businesses to plan, manage, schedule & track their jobs in one simple to use and easy to implement, cloud-based platform. BigChange helps HVAC businesses across the UK to win more work,  increase team capacity, accelerate invoicing & transform cash flow, all whilst reducing operational costs and admin time. Loved by office and HVAC teams alike, our customers are achieving industry leading growth and ROI.","The current copy repeats promotional, paperless and ROI language across categories without a distinct buyer workflow or qualified outcome.","P2","hvac service software (P2 supporting term, confidence 60)","HVAC teams lose time when schedules, site details and completion records are disconnected.","Service scheduling, mobile job history and field records","Gives technicians current information and returns updates to the office","Your team can allocate more routine work with less coordination","BigChange helps HVAC businesses manage installations, breakdowns and routine service work from one connected job system. Office teams can schedule engineers, share site and equipment details and track progress, while mobile workers complete job cards, forms and timesheets in the field. Quotes, job records and invoices stay connected, reducing repeated administration. In a published customer story, EB Gas Services reported allocating 20% more routine jobs after adopting BigChange. This is one customer experience, not a guaranteed outcome.","1000","543","EB Gas Services | Plumbing, heating and HVAC | 20% more routine service jobs allocated","Named-customer result. No measurement period or methodology is published, so retain attribution and avoid extrapolation.","https://www.bigchange.com/ | https://docs.google.com/spreadsheets/d/1UbipLHa7N5TEIy7evqdyKLaHV87MBwX9W2g2vJaXc88/edit?pli=1&gid=905535356#gid=905535356 | https://app.g2digitalmarkets.com/products/4e18268f-3248-4693-a1e0-a6d200b2e0b2/capterra#content-header | https://www.bigchange.com/success-stories/eb-gas-boost-engineer-productivity-with-bigchange","2026-09-23","Verified on live BigChange case study"
"Capterra","Short Description","HVAC","BigChange's UK Job Management System is the paperless solution for HVAC businesses to plan, manage, schedule & track their engineers.","The current short copy repeats plan, manage, schedule and track language without a distinctive category benefit.","P2","hvac service software (P2 supporting term, confidence 60)","HVAC teams lose time when schedules, site details and completion records are disconnected.","Service scheduling, mobile job history and field records","Gives technicians current information and returns updates to the office","Your team can allocate more routine work with less coordination","Manage HVAC installations, breakdowns and routine service with connected scheduling, mobile job cards and invoicing.","135","116","None","No customer metric used.","https://www.bigchange.com/ | https://docs.google.com/spreadsheets/d/1UbipLHa7N5TEIy7evqdyKLaHV87MBwX9W2g2vJaXc88/edit?pli=1&gid=905535356#gid=905535356 | https://app.g2digitalmarkets.com/products/4e18268f-3248-4693-a1e0-a6d200b2e0b2/capterra#content-header","2026-09-23","No customer proof required"
"Capterra","Long Description","Handyman","BigChange Job Management Platform is the paperless way for handyman businesses to plan, manage, schedule & track their jobs in one simple to use and easy to integrate platform. BigChange helps field service businesses across the UK to win more work, increase team capacity accelerate invoicing & transform cash flow, all whilst reducing operational costs and admin time. Loved by office and handymen alike, our customers are achieving industry leading growth and ROI.","The current copy repeats promotional, paperless and ROI language across categories without a distinct buyer workflow or qualified outcome.","P2","job management software uk (P1 broad term, confidence 95)","Small mobile jobs are tracked through calls, paper and separate calendars.","Scheduling, mobile job details and completion records","Keeps each handyman job in one workflow","Your office sees progress without chasing updates","BigChange gives handyman and property service teams a shared workflow for customer requests, quotes, scheduling, mobile job details and invoices. Office staff can plan varied work and update priorities, while field workers receive current instructions and record notes, photos and completion details. This helps your business handle more small jobs without losing information across calls, paper diaries and separate apps.","1000","422","None","No customer metric used.","https://www.bigchange.com/ | https://docs.google.com/spreadsheets/d/1UbipLHa7N5TEIy7evqdyKLaHV87MBwX9W2g2vJaXc88/edit?pli=1&gid=905535356#gid=905535356 | https://app.g2digitalmarkets.com/products/4e18268f-3248-4693-a1e0-a6d200b2e0b2/capterra#content-header","2026-09-23","No customer proof required"
"Capterra","Short Description","Handyman","BigChange's Job Management Platform is the paperless solution for handyman businesses to plan, manage, schedule & track their jobs.","The current short copy repeats plan, manage, schedule and track language without a distinctive category benefit.","P2","job management software uk (P1 broad term, confidence 95)","Small mobile jobs are tracked through calls, paper and separate calendars.","Scheduling, mobile job details and completion records","Keeps each handyman job in one workflow","Your office sees progress without chasing updates","Connect handyman requests, quotes, schedules, mobile job details and invoices without relying on paper diaries.","135","111","None","No customer metric used.","https://www.bigchange.com/ | https://docs.google.com/spreadsheets/d/1UbipLHa7N5TEIy7evqdyKLaHV87MBwX9W2g2vJaXc88/edit?pli=1&gid=905535356#gid=905535356 | https://app.g2digitalmarkets.com/products/4e18268f-3248-4693-a1e0-a6d200b2e0b2/capterra#content-header","2026-09-23","No customer proof required"
"Capterra","Long Description","Inspection","BigChange's all-in-one Job Management System is the paperless way for teams to plan, manage, schedule & carry out inspections in one simple to use cloud-based platform. Give your field teams instant access to inspection records on a cloud based tablet & seamlessly connect your field teams, office & customers. Loved by office and field teams alike, our customers are achieving industry leading growth and ROI.","The current copy repeats promotional, paperless and ROI language across categories without a distinct buyer workflow or qualified outcome.","P2","risk assessment software; job sheet software (P2 adjacent terms, confidence 60)","Inspection and risk records are incomplete or delayed when they remain on paper.","Digital forms, risk assessments, signatures and photos","Creates a structured evidence trail on site","Your team returns complete inspection records to the office faster","BigChange helps inspection teams schedule visits, send site and asset details to mobile workers and collect structured digital records in the field. Inspectors can complete forms, add notes and photos and update job status, while office teams can see completed information without waiting for paper returns. This improves traceability and helps the next action start sooner.","1000","374","None","No customer metric used.","https://www.bigchange.com/ | https://docs.google.com/spreadsheets/d/1UbipLHa7N5TEIy7evqdyKLaHV87MBwX9W2g2vJaXc88/edit?pli=1&gid=905535356#gid=905535356 | https://app.g2digitalmarkets.com/products/4e18268f-3248-4693-a1e0-a6d200b2e0b2/capterra#content-header","2026-09-23","No customer proof required"
"Capterra","Short Description","Inspection","BigChange's Job Management System is the paperless solution for businesses to plan, manage, schedule & complete inspections.","The current short copy repeats plan, manage, schedule and track language without a distinctive category benefit.","P2","risk assessment software; job sheet software (P2 adjacent terms, confidence 60)","Inspection and risk records are incomplete or delayed when they remain on paper.","Digital forms, risk assessments, signatures and photos","Creates a structured evidence trail on site","Your team returns complete inspection records to the office faster","Schedule inspections and capture forms, notes, photos, asset details and job status in connected mobile records.","135","112","None","No customer metric used.","https://www.bigchange.com/ | https://docs.google.com/spreadsheets/d/1UbipLHa7N5TEIy7evqdyKLaHV87MBwX9W2g2vJaXc88/edit?pli=1&gid=905535356#gid=905535356 | https://app.g2digitalmarkets.com/products/4e18268f-3248-4693-a1e0-a6d200b2e0b2/capterra#content-header","2026-09-23","No customer proof required"
"Capterra","Long Description","Janitorial","BigChange Job Management Platform is the paperless way for cleaning businesses to plan, manage, schedule & track their jobs in one simple to use and easy to integrate, cloud-based platform. BigChange helps cleaning businesses across the UK to win more work, increase team capacity accelerate invoicing & transform cash flow, all whilst reducing operational costs and admin time. Loved by office and cleaners alike, our customers are achieving industry leading growth and ROI.","The current copy repeats promotional, paperless and ROI language across categories without a distinct buyer workflow or qualified outcome.","P2","cleaning business software uk (P1 adjacent term, confidence 95)","Cleaning teams need simple tasks and reliable proof without complex field tools.","Scheduling, mobile tasks, worksheets and completion evidence","Standardises field records while keeping the workflow easy to follow","Your office spends less time handling paper folders","BigChange helps janitorial and commercial cleaning businesses organise recurring visits, reactive work, mobile teams and customer records. Office staff can build schedules, adjust allocations and follow job progress, while cleaners receive instructions and complete digital records in the field. This reduces paper admin and gives managers clearer control of service delivery. In a published customer story, CC Infrastructure Services reported a 20% reduction in administrative resource after adopting BigChange. This reflects one customer experience and is not a guaranteed result.","1000","582","CC Infrastructure Services | Specialist cleaning and infrastructure coatings | 20% less administrative resource for operational teams","Named-customer result tied to replacing paper worksheets and job folders. Exclude the source's undefined '50% less waste' statement.","https://www.bigchange.com/ | https://docs.google.com/spreadsheets/d/1UbipLHa7N5TEIy7evqdyKLaHV87MBwX9W2g2vJaXc88/edit?pli=1&gid=905535356#gid=905535356 | https://app.g2digitalmarkets.com/products/4e18268f-3248-4693-a1e0-a6d200b2e0b2/capterra#content-header | https://www.bigchange.com/success-stories/cc-is-cleans-up-with-bigchange-paperless-working","2026-09-23","Verified on live BigChange case study"
"Capterra","Short Description","Janitorial","BigChange's Job Management Platform is the paperless way for cleaning businesses to plan, manage, schedule & track their jobs.","The current short copy repeats plan, manage, schedule and track language without a distinctive category benefit.","P2","cleaning business software uk (P1 adjacent term, confidence 95)","Cleaning teams need simple tasks and reliable proof without complex field tools.","Scheduling, mobile tasks, worksheets and completion evidence","Standardises field records while keeping the workflow easy to follow","Your office spends less time handling paper folders","Organise cleaning schedules, recurring visits, reactive jobs, mobile teams and customer records in one system.","135","110","None","No customer metric used.","https://www.bigchange.com/ | https://docs.google.com/spreadsheets/d/1UbipLHa7N5TEIy7evqdyKLaHV87MBwX9W2g2vJaXc88/edit?pli=1&gid=905535356#gid=905535356 | https://app.g2digitalmarkets.com/products/4e18268f-3248-4693-a1e0-a6d200b2e0b2/capterra#content-header","2026-09-23","No customer proof required"
"Capterra","Long Description","Job Costing","BigChange Job Management Platform has powerful, paperless job costing capabilities, allowing field teams to generate & send invoices, quotes, estimates, purchase orders and credit notes in seconds. Additionally, with easy-to-use integrations with Sage, Xero, Quickbooks & other accounting softwares, BigChange seamlessly integrates your accounting. Loved by UK office and field teams alike, our customers are achieving industry leading growth and ROI.","The current copy repeats promotional, paperless and ROI language across categories without a distinct buyer workflow or qualified outcome.","P2","job quoting software; field service invoicing software (P2 supporting terms, confidence 60)","Quotes, labour, expenses and invoices are difficult to connect to the job.","Quotes, timesheets, expenses, purchase information and invoices","Keeps financial job data together","Your team gets clearer cost and billing visibility with less re-entry","BigChange connects job activity with quotes, labour, parts, expenses and invoicing so service businesses can see the information behind job costs in one place. Office and field updates feed the job record as work progresses, reducing the need to reconcile separate spreadsheets and paper. Managers gain earlier visibility of cost and completion information, helping them review performance and prepare accurate billing.","1000","419","None","No customer metric used.","https://www.bigchange.com/ | https://docs.google.com/spreadsheets/d/1UbipLHa7N5TEIy7evqdyKLaHV87MBwX9W2g2vJaXc88/edit?pli=1&gid=905535356#gid=905535356 | https://app.g2digitalmarkets.com/products/4e18268f-3248-4693-a1e0-a6d200b2e0b2/capterra#content-header","2026-09-23","No customer proof required"
"Capterra","Short Description","Job Costing","BigChange's Job Management Platform allows field teams to send invoices, quotes, estimates, purchase orders & credit notes in seconds.","The current short copy repeats plan, manage, schedule and track language without a distinctive category benefit.","P2","job quoting software; field service invoicing software (P2 supporting terms, confidence 60)","Quotes, labour, expenses and invoices are difficult to connect to the job.","Quotes, timesheets, expenses, purchase information and invoices","Keeps financial job data together","Your team gets clearer cost and billing visibility with less re-entry","Connect quotes, labour, parts, expenses and invoices for clearer job-cost visibility and more accurate billing.","135","111","None","No customer metric used.","https://www.bigchange.com/ | https://docs.google.com/spreadsheets/d/1UbipLHa7N5TEIy7evqdyKLaHV87MBwX9W2g2vJaXc88/edit?pli=1&gid=905535356#gid=905535356 | https://app.g2digitalmarkets.com/products/4e18268f-3248-4693-a1e0-a6d200b2e0b2/capterra#content-header","2026-09-23","No customer proof required"
"Capterra","Long Description","Locksmith","BigChange's all-in-one Job Management System is the paperless way for locksmiths to plan, manage, schedule & track their jobs in one simple to use cloud-based platform. BigChange helps locksmith businesses across the UK to win more work,  increase team capacity, accelerate invoicing & transform cash flow, all whilst reducing operational costs and admin time. Loved by office and locksmith teams alike, our customers are achieving industry leading growth and ROI.","The current copy repeats promotional, paperless and ROI language across categories without a distinct buyer workflow or qualified outcome.","P2","job management software uk (P1 broad term, confidence 95)","Urgent locksmith jobs are coordinated through calls and incomplete field notes.","Scheduling, mobile job details and proof of work","Connects dispatch and completion in one record","Your office stays updated while locksmiths remain mobile","BigChange helps locksmith businesses manage urgent call-outs, planned work, customer details, engineer schedules, mobile job cards, stock and invoices. Dispatchers can use live location and availability information when assigning work, while locksmiths receive current job details and record completion in the field. This helps your team respond with better context and reduce paper between the call and the invoice.","1000","416","None","No customer metric used.","https://www.bigchange.com/ | https://docs.google.com/spreadsheets/d/1UbipLHa7N5TEIy7evqdyKLaHV87MBwX9W2g2vJaXc88/edit?pli=1&gid=905535356#gid=905535356 | https://app.g2digitalmarkets.com/products/4e18268f-3248-4693-a1e0-a6d200b2e0b2/capterra#content-header","2026-09-23","No customer proof required"
"Capterra","Short Description","Locksmith","BigChange's all-in-one Job Management System plans, manages, schedules & tracks your locksmith jobs in one paperless solution.","The current short copy repeats plan, manage, schedule and track language without a distinctive category benefit.","P2","job management software uk (P1 broad term, confidence 95)","Urgent locksmith jobs are coordinated through calls and incomplete field notes.","Scheduling, mobile job details and proof of work","Connects dispatch and completion in one record","Your office stays updated while locksmiths remain mobile","Manage locksmith call-outs, schedules, mobile job cards, stock and invoices with live location and job context.","135","111","None","No customer metric used.","https://www.bigchange.com/ | https://docs.google.com/spreadsheets/d/1UbipLHa7N5TEIy7evqdyKLaHV87MBwX9W2g2vJaXc88/edit?pli=1&gid=905535356#gid=905535356 | https://app.g2digitalmarkets.com/products/4e18268f-3248-4693-a1e0-a6d200b2e0b2/capterra#content-header","2026-09-23","No customer proof required"
"Capterra","Long Description","Maintenance Management","BigChange's all-in-one Job Management System is the paperless way for maintenance companies to plan, manage, schedule & track jobs in one simple to use platform. BigChange helps maintenance companies across the UK to win more work,  increase the capacity of their teams, accelerate invoicing & transform cash flow, all whilst reducing operational costs and admin time. Loved by office and field teams alike, our customers are achieving industry leading growth and ROI.","The current copy repeats promotional, paperless and ROI language across categories without a distinct buyer workflow or qualified outcome.","P2","facilities maintenance software; building maintenance software (P1/P2 terms)","Planned and reactive work compete for attention across assets and teams.","Scheduling, asset records, reminders and service history","Gives maintenance teams one view of work due and work completed","Your team can prioritise with clearer operational context","BigChange connects planned maintenance, reactive jobs, service schedules, equipment records and mobile completion details. Office teams can allocate technicians and monitor progress, while field workers access current job information and record work at the site. One connected history reduces fragmented records, supports more consistent maintenance and gives managers clearer visibility of outstanding work.","1000","408","None","No customer metric used.","https://www.bigchange.com/ | https://docs.google.com/spreadsheets/d/1UbipLHa7N5TEIy7evqdyKLaHV87MBwX9W2g2vJaXc88/edit?pli=1&gid=905535356#gid=905535356 | https://app.g2digitalmarkets.com/products/4e18268f-3248-4693-a1e0-a6d200b2e0b2/capterra#content-header","2026-09-23","No customer proof required"
"Capterra","Short Description","Maintenance Management","BigChange's all-in-one Job Management Platform plans, manages, schedules & tracks your maintenance jobs in one paperless solution.","The current short copy repeats plan, manage, schedule and track language without a distinctive category benefit.","P2","facilities maintenance software; building maintenance software (P1/P2 terms)","Planned and reactive work compete for attention across assets and teams.","Scheduling, asset records, reminders and service history","Gives maintenance teams one view of work due and work completed","Your team can prioritise with clearer operational context","Connect planned and reactive maintenance, service schedules, equipment records and mobile completion details.","135","109","None","No customer metric used.","https://www.bigchange.com/ | https://docs.google.com/spreadsheets/d/1UbipLHa7N5TEIy7evqdyKLaHV87MBwX9W2g2vJaXc88/edit?pli=1&gid=905535356#gid=905535356 | https://app.g2digitalmarkets.com/products/4e18268f-3248-4693-a1e0-a6d200b2e0b2/capterra#content-header","2026-09-23","No customer proof required"
"Capterra","Long Description","Pest Control","BigChange's all-in-one Job Management System is the paperless way for pest control businesses to plan, manage, schedule & track jobs in one simple to use cloud-based platform. BigChange helps pest control businesses across the UK to win more work,  increase team capacity accelerate invoicing & transform cash flow, all whilst reducing operational costs and admin time. Loved by office and pest control teams alike, our customers are achieving industry leading growth and ROI.","The current copy repeats promotional, paperless and ROI language across categories without a distinct buyer workflow or qualified outcome.","P2","pest control software (P2 supporting term, confidence 60)","Visits, compliance records, quotes and follow-ups are scattered.","Customer records, scheduling, mobile forms and reporting","Keeps pest-control work and evidence connected","Your technicians and office share a more complete job record","BigChange helps pest control businesses coordinate surveys, treatments, recurring visits and urgent call-outs. Office teams can schedule technicians, store customer and site information and follow job status, while mobile workers receive instructions and complete digital worksheets in the field. This helps your business keep service histories organised, reduce paper and move completed work towards invoicing.","1000","411","None","No customer metric used.","https://www.bigchange.com/ | https://docs.google.com/spreadsheets/d/1UbipLHa7N5TEIy7evqdyKLaHV87MBwX9W2g2vJaXc88/edit?pli=1&gid=905535356#gid=905535356 | https://app.g2digitalmarkets.com/products/4e18268f-3248-4693-a1e0-a6d200b2e0b2/capterra#content-header","2026-09-23","No customer proof required"
"Capterra","Short Description","Pest Control","BigChange's Job Management System is the paperless solution for pest control businesses to plan, manage, schedule & track their jobs.","The current short copy repeats plan, manage, schedule and track language without a distinctive category benefit.","P2","pest control software (P2 supporting term, confidence 60)","Visits, compliance records, quotes and follow-ups are scattered.","Customer records, scheduling, mobile forms and reporting","Keeps pest-control work and evidence connected","Your technicians and office share a more complete job record","Coordinate pest surveys, treatments, recurring visits, call-outs and mobile worksheets with connected customer records.","135","119","None","No customer metric used.","https://www.bigchange.com/ | https://docs.google.com/spreadsheets/d/1UbipLHa7N5TEIy7evqdyKLaHV87MBwX9W2g2vJaXc88/edit?pli=1&gid=905535356#gid=905535356 | https://app.g2digitalmarkets.com/products/4e18268f-3248-4693-a1e0-a6d200b2e0b2/capterra#content-header","2026-09-23","No customer proof required"
"Capterra","Long Description","Plumbing","BigChange's all-in-one Job Management System is the paperless way for plumbers to plan, manage, schedule & track jobs in one simple to use cloud-based platform. BigChange helps plumbing businesses across the UK to win more work,  increase the capacity of their teams, accelerate invoicing & transform cash flow, all whilst reducing operational costs and admin time. Loved by office teams and plumbers alike, our customers are achieving industry leading growth and ROI.","The current copy repeats promotional, paperless and ROI language across categories without a distinct buyer workflow or qualified outcome.","P2","plumbing job management software uk (P1, confidence 95)","Plumbing jobs move slowly when scheduling, field updates and invoicing are separate.","Scheduling, mobile job information, quotes and invoices","Connects the plumbing job from booking to billing","Your team completes the handoff with less repeated entry","BigChange is job management software for plumbing businesses that connects enquiries, quotes, engineer schedules, emergency call-outs, mobile job cards, customer history and invoicing. Office teams can see workloads and progress, while plumbers receive current job details and record work on site. This reduces repeated entry and gives your business a clearer view from first call to completed job.","1000","398","None","No customer metric used.","https://www.bigchange.com/ | https://docs.google.com/spreadsheets/d/1UbipLHa7N5TEIy7evqdyKLaHV87MBwX9W2g2vJaXc88/edit?pli=1&gid=905535356#gid=905535356 | https://app.g2digitalmarkets.com/products/4e18268f-3248-4693-a1e0-a6d200b2e0b2/capterra#content-header","2026-09-23","No customer proof required"
"Capterra","Short Description","Plumbing","BigChange's all-in-one Job Management System helps UK plumbing businesses plan, manage, schedule & track jobs in 1 paperless solution.","The current short copy repeats plan, manage, schedule and track language without a distinctive category benefit.","P2","plumbing job management software uk (P1, confidence 95)","Plumbing jobs move slowly when scheduling, field updates and invoicing are separate.","Scheduling, mobile job information, quotes and invoices","Connects the plumbing job from booking to billing","Your team completes the handoff with less repeated entry","Connect plumbing enquiries, quotes, engineer schedules, call-outs, mobile job cards, customer history and invoicing.","135","116","None","No customer metric used.","https://www.bigchange.com/ | https://docs.google.com/spreadsheets/d/1UbipLHa7N5TEIy7evqdyKLaHV87MBwX9W2g2vJaXc88/edit?pli=1&gid=905535356#gid=905535356 | https://app.g2digitalmarkets.com/products/4e18268f-3248-4693-a1e0-a6d200b2e0b2/capterra#content-header","2026-09-23","No customer proof required"
"Capterra","Long Description","Plumbing Estimating","BigChange's all-in-one Job Management System is the paperless way for plumbing businesses to estimate, manage, schedule & track jobs in one simple to use platform. BigChange helps plumbing businesses across the UK to win more work,  increase the capacity of their teams, accelerate invoicing & transform cash flow, all whilst reducing operational costs and admin time. Loved by office teams and plumbers alike, our customers are achieving industry leading growth and ROI.","The current copy repeats promotional, paperless and ROI language across categories without a distinct buyer workflow or qualified outcome.","P2","plumbing job management software uk (P1); job quoting software (P2)","Accepted estimates must be re-entered before work can be scheduled and billed.","Customer records, quotes, scheduling and invoices","Carries job information from estimate into delivery","Your office reduces duplicate setup and keeps the commercial trail intact","BigChange helps plumbing businesses turn enquiry and site information into connected quotes and job records. Teams can prepare estimates using customer, work and cost details, then keep the accepted information linked as the job moves into scheduling, field delivery and invoicing. This reduces repeated entry and gives estimators, engineers and finance teams a shared record.","1000","376","None","No customer metric used.","https://www.bigchange.com/ | https://docs.google.com/spreadsheets/d/1UbipLHa7N5TEIy7evqdyKLaHV87MBwX9W2g2vJaXc88/edit?pli=1&gid=905535356#gid=905535356 | https://app.g2digitalmarkets.com/products/4e18268f-3248-4693-a1e0-a6d200b2e0b2/capterra#content-header","2026-09-23","No customer proof required"
"Capterra","Short Description","Plumbing Estimating","BigChange's Job Management System allows plumbers to send invoices, quotes, estimates, purchase orders & credit notes in seconds.","The current short copy repeats plan, manage, schedule and track language without a distinctive category benefit.","P2","plumbing job management software uk (P1); job quoting software (P2)","Accepted estimates must be re-entered before work can be scheduled and billed.","Customer records, quotes, scheduling and invoices","Carries job information from estimate into delivery","Your office reduces duplicate setup and keeps the commercial trail intact","Create plumbing estimates from customer, work and cost details, then keep them connected to jobs and invoices.","135","110","None","No customer metric used.","https://www.bigchange.com/ | https://docs.google.com/spreadsheets/d/1UbipLHa7N5TEIy7evqdyKLaHV87MBwX9W2g2vJaXc88/edit?pli=1&gid=905535356#gid=905535356 | https://app.g2digitalmarkets.com/products/4e18268f-3248-4693-a1e0-a6d200b2e0b2/capterra#content-header","2026-09-23","No customer proof required"
"Capterra","Long Description","Preventive Maintenance","BigChange's all-in-one Job Management System is the paperless way for maintenance companies to plan, manage, schedule & track jobs in one simple to use platform. BigChange helps maintenance companies across the UK to win more work, increase the capacity of their teams, accelerate invoicing & transform cash flow, all whilst reducing operational costs and admin time. Loved by office and field teams alike, our customers are achieving industry leading growth and ROI.","The current copy repeats promotional, paperless and ROI language across categories without a distinct buyer workflow or qualified outcome.","P2","service reminder software; field service asset management software (P2 supporting terms, confidence 60)","Upcoming service work is missed when asset dates and reminders are disconnected.","Asset history, service reminders and planned scheduling","Turns service dates into visible work","Your team can plan visits before obligations are missed","BigChange helps service businesses organise preventive maintenance with recurring schedules, equipment records, mobile job cards and a connected service history. Office teams can plan upcoming visits and assign workers, while field teams receive current details and record completed checks, notes, photos and parts. This makes planned work easier to see, reduces missed information and keeps follow-up activity connected.","1000","421","None","No customer metric used.","https://www.bigchange.com/ | https://docs.google.com/spreadsheets/d/1UbipLHa7N5TEIy7evqdyKLaHV87MBwX9W2g2vJaXc88/edit?pli=1&gid=905535356#gid=905535356 | https://app.g2digitalmarkets.com/products/4e18268f-3248-4693-a1e0-a6d200b2e0b2/capterra#content-header","2026-09-23","No customer proof required"
"Capterra","Short Description","Preventive Maintenance","BigChange Job Management System plans, manages, schedules & tracks your maintenance jobs in one paperless solution.","The current short copy repeats plan, manage, schedule and track language without a distinctive category benefit.","P2","service reminder software; field service asset management software (P2 supporting terms, confidence 60)","Upcoming service work is missed when asset dates and reminders are disconnected.","Asset history, service reminders and planned scheduling","Turns service dates into visible work","Your team can plan visits before obligations are missed","Plan preventive maintenance with recurring schedules, equipment records, mobile job cards and service history.","135","110","None","No customer metric used.","https://www.bigchange.com/ | https://docs.google.com/spreadsheets/d/1UbipLHa7N5TEIy7evqdyKLaHV87MBwX9W2g2vJaXc88/edit?pli=1&gid=905535356#gid=905535356 | https://app.g2digitalmarkets.com/products/4e18268f-3248-4693-a1e0-a6d200b2e0b2/capterra#content-header","2026-09-23","No customer proof required"
"Capterra","Long Description","Public Works","BigChange Job Management Platform is the paperless way for companies to plan, manage, schedule & track public works in one simple to use and easy to integrate platform. BigChange helps companies across the UK  to win more work,  increase the capacity of their teams, accelerate invoicing & transform cash flow, all whilst reducing operational costs and admin time. Loved by office and field teams alike, our customers are achieving industry leading growth and ROI.","The current copy repeats promotional, paperless and ROI language across categories without a distinct buyer workflow or qualified outcome.","P2","public sector crm; highways maintenance software (P2 adjacent terms, confidence 60)","Public works teams need consistent job records across mobile crews and assets.","Job scheduling, mobile records, asset context and reporting","Keeps field updates visible to the office","Your team gains a clearer operational record across maintenance work","BigChange helps public works teams coordinate service requests, crews, vehicles, equipment and field records across planned and reactive work. Jobs can be scheduled and dispatched from the office, with current instructions delivered to mobile workers. Status updates, forms and completion information return to the job record, improving visibility and reducing paper across dispersed operations.","1000","395","None","No customer metric used.","https://www.bigchange.com/ | https://docs.google.com/spreadsheets/d/1UbipLHa7N5TEIy7evqdyKLaHV87MBwX9W2g2vJaXc88/edit?pli=1&gid=905535356#gid=905535356 | https://app.g2digitalmarkets.com/products/4e18268f-3248-4693-a1e0-a6d200b2e0b2/capterra#content-header","2026-09-23","No customer proof required"
"Capterra","Short Description","Public Works","BigChange Job Management Platform plans, manages, schedules & tracks public works in one paperless solution.","The current short copy repeats plan, manage, schedule and track language without a distinctive category benefit.","P2","public sector crm; highways maintenance software (P2 adjacent terms, confidence 60)","Public works teams need consistent job records across mobile crews and assets.","Job scheduling, mobile records, asset context and reporting","Keeps field updates visible to the office","Your team gains a clearer operational record across maintenance work","Coordinate public works requests, crews, vehicles, equipment, schedules and mobile records across dispersed operations.","135","119","None","No customer metric used.","https://www.bigchange.com/ | https://docs.google.com/spreadsheets/d/1UbipLHa7N5TEIy7evqdyKLaHV87MBwX9W2g2vJaXc88/edit?pli=1&gid=905535356#gid=905535356 | https://app.g2digitalmarkets.com/products/4e18268f-3248-4693-a1e0-a6d200b2e0b2/capterra#content-header","2026-09-23","No customer proof required"
"Capterra","Long Description","Scheduling","BigChange's all-in-one Job Scheduling System is the paperless way to plan, manage, schedule and track jobs in one simple to use and easy to implement platform. BigChange helps field service companies across the UK to win more work, increase the capacity of their teams, accelerate invoicing & transform cashflow, all whilst reducing operational costs and admin time. Loved by office and field teams alike, our customers are achieving industry leading growth and ROI.","The current copy repeats promotional, paperless and ROI language across categories without a distinct buyer workflow or qualified outcome.","P2","job scheduling software uk (P1, confidence 95)","Dispatchers cannot see current availability when jobs change.","Drag-and-drop job and resource scheduling with live updates","Matches work to people and sends changes to the field","Your team adapts the day without rebuilding the plan","BigChange gives service businesses a live scheduling and dispatch view for jobs, mobile workers and vehicles. Office teams can see availability, allocate work, adjust priorities and use location context when plans change. Updated job details reach the field through the mobile app, helping your business reduce clashes, limit avoidable travel and keep customers better informed.","1000","378","None","No customer metric used.","https://www.bigchange.com/ | https://docs.google.com/spreadsheets/d/1UbipLHa7N5TEIy7evqdyKLaHV87MBwX9W2g2vJaXc88/edit?pli=1&gid=905535356#gid=905535356 | https://app.g2digitalmarkets.com/products/4e18268f-3248-4693-a1e0-a6d200b2e0b2/capterra#content-header","2026-09-23","No customer proof required"
"Capterra","Short Description","Scheduling","BigChange's Job Scheduling System helps service businesses plan, manage, schedule & track jobs in one paperless solution.","The current short copy repeats plan, manage, schedule and track language without a distinctive category benefit.","P2","job scheduling software uk (P1, confidence 95)","Dispatchers cannot see current availability when jobs change.","Drag-and-drop job and resource scheduling with live updates","Matches work to people and sends changes to the field","Your team adapts the day without rebuilding the plan","Schedule jobs, workers and vehicles with live availability, location context, mobile updates and clearer workloads.","135","115","None","No customer metric used.","https://www.bigchange.com/ | https://docs.google.com/spreadsheets/d/1UbipLHa7N5TEIy7evqdyKLaHV87MBwX9W2g2vJaXc88/edit?pli=1&gid=905535356#gid=905535356 | https://app.g2digitalmarkets.com/products/4e18268f-3248-4693-a1e0-a6d200b2e0b2/capterra#content-header","2026-09-23","No customer proof required"
"Capterra","Long Description","Security System Installer","BigChange's all-in-one Job Management System is the paperless way for security system companies to plan, manage, schedule & track jobs in one simple to use platform. BigChange helps companies across the UK to win more work,  increase the capacity of their teams, accelerate invoicing & transform cash flow, all whilst reducing operational costs and admin time. Loved by office and field teams alike, our customers are achieving industry leading growth and ROI.","The current copy repeats promotional, paperless and ROI language across categories without a distinct buyer workflow or qualified outcome.","P2","fire and security job management software (P1, confidence 95)","Installation, service and stock information are disconnected from engineer availability.","Scheduling, mobile jobs, stock visibility and digital certification","Connects resource decisions to current job and stock data","Your team can allocate suitable work faster","BigChange helps security system installers manage surveys, quotes, installations, maintenance visits and emergency work in one connected job workflow. Office teams can schedule engineers, share site and equipment details and track progress, while mobile workers complete job cards and forms on site. In a published customer story, Baydale Control Systems reported 80% faster job allocation after adopting BigChange. This reflects one customer experience and is not a guaranteed result.","1000","485","Baydale Control Systems | Fire and security | jobs allocated 80% faster","Named-customer result tied to digital stock records and engineer vehicle-stock visibility. Do not generalise the result.","https://www.bigchange.com/ | https://docs.google.com/spreadsheets/d/1UbipLHa7N5TEIy7evqdyKLaHV87MBwX9W2g2vJaXc88/edit?pli=1&gid=905535356#gid=905535356 | https://app.g2digitalmarkets.com/products/4e18268f-3248-4693-a1e0-a6d200b2e0b2/capterra#content-header | https://www.bigchange.com/success-stories/baydale-transforms-stock-management-using-bigchange","2026-09-23","Verified on live BigChange case study"
"Capterra","Short Description","Security System Installer","BigChange's all-in-one Job Management System is the paperless way for security installers to plan, manage, schedule & track their jobs.","The current short copy repeats plan, manage, schedule and track language without a distinctive category benefit.","P2","fire and security job management software (P1, confidence 95)","Installation, service and stock information are disconnected from engineer availability.","Scheduling, mobile jobs, stock visibility and digital certification","Connects resource decisions to current job and stock data","Your team can allocate suitable work faster","Manage security surveys, quotes, installations and maintenance with engineer scheduling and mobile job records.","135","111","None","No customer metric used.","https://www.bigchange.com/ | https://docs.google.com/spreadsheets/d/1UbipLHa7N5TEIy7evqdyKLaHV87MBwX9W2g2vJaXc88/edit?pli=1&gid=905535356#gid=905535356 | https://app.g2digitalmarkets.com/products/4e18268f-3248-4693-a1e0-a6d200b2e0b2/capterra#content-header","2026-09-23","No customer proof required"
"Capterra","Long Description","Service Dispatch","BigChange's all-in-one Job Management System is the paperless way for service dispatch companies to plan, manage, schedule & track jobs in one simple to use cloud-based platform. Our smart scheduling uses real time data to optimise routes and allocate the perfect resource for each job helping service dispatchers improve efficiency and cut costs. Loved by office and field teams alike, our customers are achieving industry leading growth and ROI.","The current copy repeats promotional, paperless and ROI language across categories without a distinct buyer workflow or qualified outcome.","P2","job scheduling software uk; vehicle tracking software uk (P1 adjacent terms, confidence 95)","Urgent work triggers calls because dispatchers cannot see the nearest suitable engineer.","Scheduling, skills, availability and live vehicle tracking","Brings resource choice and location into dispatch","Your team responds with fewer manual check-ins","BigChange helps dispatchers match incoming work with available field workers using schedule, location and job information. Office teams can allocate or reassign jobs and send current customer and site details to the mobile app. Live status updates improve visibility after dispatch, helping your business respond to changing priorities and reduce time spent chasing field progress.","1000","381","None","No customer metric used.","https://www.bigchange.com/ | https://docs.google.com/spreadsheets/d/1UbipLHa7N5TEIy7evqdyKLaHV87MBwX9W2g2vJaXc88/edit?pli=1&gid=905535356#gid=905535356 | https://app.g2digitalmarkets.com/products/4e18268f-3248-4693-a1e0-a6d200b2e0b2/capterra#content-header","2026-09-23","No customer proof required"
"Capterra","Short Description","Service Dispatch","BigChange's Job Management System is the paperless way for service companies to plan, schedule, dispatch & track their jobs.","The current short copy repeats plan, manage, schedule and track language without a distinctive category benefit.","P2","job scheduling software uk; vehicle tracking software uk (P1 adjacent terms, confidence 95)","Urgent work triggers calls because dispatchers cannot see the nearest suitable engineer.","Scheduling, skills, availability and live vehicle tracking","Brings resource choice and location into dispatch","Your team responds with fewer manual check-ins","Dispatch work using schedule, location and job context, with mobile instructions and live status updates.","135","105","None","No customer metric used.","https://www.bigchange.com/ | https://docs.google.com/spreadsheets/d/1UbipLHa7N5TEIy7evqdyKLaHV87MBwX9W2g2vJaXc88/edit?pli=1&gid=905535356#gid=905535356 | https://app.g2digitalmarkets.com/products/4e18268f-3248-4693-a1e0-a6d200b2e0b2/capterra#content-header","2026-09-23","No customer proof required"
"Capterra","Long Description","Work Order","BigChange's all-in-one Work Order Management System is the paperless way for field service companies to plan, manage, schedule & track jobs in one simple to use platform. BigChange helps field service companies across the UK to win more work, increase the capacity of their teams, accelerate invoicing & transform cash flow, all whilst reducing operational costs and admin time. Loved by office and field teams alike, our customers are achieving industry leading growth and ROI.","The current copy repeats promotional, paperless and ROI language across categories without a distinct buyer workflow or qualified outcome.","P2","job card software; job sheet software (P2 supporting terms, confidence 60)","Paper work orders create slow handoffs and missing evidence.","Digital job cards, worksheets, signatures and photos","Moves instructions and completion records through one workflow","Your office receives a complete record without transporting paper","BigChange turns work orders into connected records that move from request and scheduling through field completion, costs and invoicing. Office teams can assign work, attach customer and site information and see current status, while mobile workers access instructions and complete digital job cards. This helps your business reduce duplicate entry, find outstanding work and act faster when a job is complete.","1000","409","None","No customer metric used.","https://www.bigchange.com/ | https://docs.google.com/spreadsheets/d/1UbipLHa7N5TEIy7evqdyKLaHV87MBwX9W2g2vJaXc88/edit?pli=1&gid=905535356#gid=905535356 | https://app.g2digitalmarkets.com/products/4e18268f-3248-4693-a1e0-a6d200b2e0b2/capterra#content-header","2026-09-23","No customer proof required"
"Capterra","Short Description","Work Order","BigChange's Work Order Management System helps UK service businesses plan, manage, schedule & track jobs in one paperless solution.","The current short copy repeats plan, manage, schedule and track language without a distinctive category benefit.","P2","job card software; job sheet software (P2 supporting terms, confidence 60)","Paper work orders create slow handoffs and missing evidence.","Digital job cards, worksheets, signatures and photos","Moves instructions and completion records through one workflow","Your office receives a complete record without transporting paper","Connect work orders from request and scheduling through mobile completion, cost capture and invoicing.","135","102","None","No customer metric used.","https://www.bigchange.com/ | https://docs.google.com/spreadsheets/d/1UbipLHa7N5TEIy7evqdyKLaHV87MBwX9W2g2vJaXc88/edit?pli=1&gid=905535356#gid=905535356 | https://app.g2digitalmarkets.com/products/4e18268f-3248-4693-a1e0-a6d200b2e0b2/capterra#content-header","2026-09-23","No customer proof required"
"Capterra","Long Description","Workforce Management","BigChange's all-in-one Mobile Workforce Management System is the paperless way to plan, manage, schedule and track jobs in one simple to use and easy to implement platform. BigChange helps field service companies across the UK to win more work, increase the capacity of their teams, accelerate invoicing & transform cash flow, all whilst reducing operational costs and admin time. Loved by office and field teams alike, our customers are achieving industry leading growth and ROI.","The current copy repeats promotional, paperless and ROI language across categories without a distinct buyer workflow or qualified outcome.","P2","mobile workforce management software (P2 supporting term, confidence 60)","Managers lack one view of schedules, locations, time and completed work.","Mobile jobs, scheduling, live tracking, timesheets and field records","Connects office plans with mobile activity","Your managers see progress and exceptions in one place","BigChange helps field service businesses organise mobile workers, schedules, timesheets, vehicles and job activity in one operational view. Office teams can see availability and progress, update assignments and share current job information through the mobile app. This gives managers clearer workload visibility and reduces admin around coordinating a dispersed workforce.","1000","373","None","No customer metric used.","https://www.bigchange.com/ | https://docs.google.com/spreadsheets/d/1UbipLHa7N5TEIy7evqdyKLaHV87MBwX9W2g2vJaXc88/edit?pli=1&gid=905535356#gid=905535356 | https://app.g2digitalmarkets.com/products/4e18268f-3248-4693-a1e0-a6d200b2e0b2/capterra#content-header","2026-09-23","No customer proof required"
"Capterra","Short Description","Workforce Management","BigChange's Mobile Workforce Management System helps service businesses plan, manage, schedule & track jobs in one paperless solution.","The current short copy repeats plan, manage, schedule and track language without a distinctive category benefit.","P2","mobile workforce management software (P2 supporting term, confidence 60)","Managers lack one view of schedules, locations, time and completed work.","Mobile jobs, scheduling, live tracking, timesheets and field records","Connects office plans with mobile activity","Your managers see progress and exceptions in one place","Organise mobile workers, schedules, timesheets, vehicles and job activity with one live operational view.","135","105","None","No customer metric used.","https://www.bigchange.com/ | https://docs.google.com/spreadsheets/d/1UbipLHa7N5TEIy7evqdyKLaHV87MBwX9W2g2vJaXc88/edit?pli=1&gid=905535356#gid=905535356 | https://app.g2digitalmarkets.com/products/4e18268f-3248-4693-a1e0-a6d200b2e0b2/capterra#content-header","2026-09-23","No customer proof required"
"Capterra","Screenshot Caption 1","Media","UK job management cockpit","The current caption names the screen but does not explain the workflow or buyer benefit.","P1","job scheduling software uk (P1)","Schedulers need to see how the day is planned and changed.","Visual scheduling cockpit","Shows assignments, availability and live status together","Your buyer can see how scheduling pressure is handled","Plan the day from one scheduling view. Match engineers to jobs by skill, location and availability, then update assignments as urgent work and delays change the schedule.","255","170","None","No customer metric used.","https://app.g2digitalmarkets.com/products/4e18268f-3248-4693-a1e0-a6d200b2e0b2/capterra/screenshots#content-header | https://www.bigchange.com/","2026-09-23","No customer proof required"
"Capterra","Screenshot Caption 2","Media","UK job management reporting","The current caption names the screen but does not explain the workflow or buyer benefit.","P1","business reporting software (P2 supporting term)","Managers need current operating information without rebuilding spreadsheets.","Operational and financial dashboard","Brings decision information into one view","Your buyer can see how managers spot exceptions","Turn live job, customer and financial data into a clearer operating view. Track performance, spot exceptions and answer questions without rebuilding reports in spreadsheets.","255","173","None","No customer metric used.","https://app.g2digitalmarkets.com/products/4e18268f-3248-4693-a1e0-a6d200b2e0b2/capterra/screenshots#content-header | https://www.bigchange.com/","2026-09-23","No customer proof required"
"Capterra","Screenshot Caption 3","Media","UK Fleet tracking","The current caption names the screen but does not explain the workflow or buyer benefit.","P1","vehicle tracking software uk (P1)","Dispatchers need live resource context without repeated calls.","Live fleet tracking map","Combines vehicles, engineers and active jobs","Your buyer can see how dispatch and fleet oversight improve","See engineers, vehicles and active jobs on one live map. Find the nearest suitable resource, review journey history and keep the office informed without manual check-ins.","255","170","None","No customer metric used.","https://app.g2digitalmarkets.com/products/4e18268f-3248-4693-a1e0-a6d200b2e0b2/capterra/screenshots#content-header | https://www.bigchange.com/","2026-09-23","No customer proof required"
"Capterra","Video Recommendation","Media","https://www.youtube.com/watch?v=3-26Aa_8i9A","The shared overview was published 15 December 2022 and does not reflect BigChange Lightning or the current 2026 positioning.","P1","job management software uk plus current product entity alignment","Buyers need a current product demonstration rather than a dated brand overview.","BigChange Lightning product demonstration","Shows the current AI layer and connected field-service workflows","Your buyer gets a clearer, current view of the product before conversion","https://www.youtube.com/watch?v=4fcnxzGWkN0","URL field","43","None","No customer metric used.","https://www.youtube.com/watch?v=3-26Aa_8i9A | https://www.youtube.com/watch?v=4fcnxzGWkN0 | https://www.bigchange.com/lightning","2026-09-23","Verified public and embeddable on 2026-09-23. Confirm channel fit and package availability at publication."
"Software Advice","Long Description","Default","BigChange provides all-in-one job management software for UK field teams. It combines customer relationship management (CRM), job scheduling, live tracking, field resource management, financial management, and business intelligence into one platform. Now with AI automations and digital workers (AI agents) that help you accomplish more with less.

BigChange helps field service businesses across the UK win more work, increase the capacity of their teams, accelerate invoicing & transform cash flow. All whilst reducing operational costs and admin time. Additionally, with easy-to-use integrations with Sage, Xero, Quickbooks & other accounting softwares, BigChange seamlessly integrate your accounting.

Loved by office and field teams alike, our customers are achieving industry leading growth and return on investment. The BigChange team is committed to customer success and no matter your sector or whether you have a mobile workforce of 10 or a 100, we’re here to make a big difference to the way you work and to help your business grow stronger.","The current copy repeats promotional outcomes, uses first-person language and does not guide a buyer through fit, workflow, support or qualified proof.","P1","job management software uk (P1, confidence 95)","Buyers need help recognising their workflow, evaluating fit and understanding adoption support.","Connected job lifecycle, Lightning automation, mobile workflows and UK support","Explains how the platform changes work for schedulers, engineers, managers and customers","Your buyer can assess fit with less ambiguity","BigChange is job management software for UK field service teams that connects office staff, engineers, vehicles, customers and finances in one system. If your day is slowed by paper job sheets, disconnected software, repeated phone calls or updates that reach the office too late, BigChange gives your team a shared view of every job from enquiry to invoice.

Schedulers can assign work by engineer skills, location and availability, see live job status, respond to urgent call-outs and adjust the day without rebuilding a spreadsheet. Field engineers receive jobs, site history, notes and documents on the mobile app. They can complete digital job sheets, capture photos and signatures, record time and update progress while they are on site. The office gets the information it needs sooner, with fewer calls back to the field.

BigChange combines CRM, job scheduling, live vehicle tracking, quotes, invoices, customer communications and business intelligence. Automated booking confirmations and ETA updates help keep customers informed. Online portals let customers request work, track progress and access job records. Reporting dashboards bring job, team, customer and financial information together so managers can spot problems and act with current data.

For teams that want more automation, BigChange Lightning adds AI tools for plain-language business questions, pre-job briefs, field documentation, customer summaries and technician onboarding. These tools work with data already held in BigChange to reduce repetitive preparation and reporting.

The platform supports UK businesses across plumbing and heating, HVAC, electrical contracting, fire and security, facilities and building maintenance, industrial doors, equipment hire, drainage, waste and environmental services. It can be configured around different worksheets, job types and service requirements.

The customer results are specific to each operation. SES Home Services reports that skills, location and availability-based scheduling increased daily job efficiency by up to 20% per engineer. BigChange also provides 24/7 access to its UK-based RoadCrew support team, a customer success manager and training through BigChange University and its Help Centre.

BigChange is suited to teams that need to replace disconnected tools with one job management workflow that keeps the office, field team and customer working from the same information.","4000","2415","SES Home Services | Utilities, plumbing, heating and drainage | up to 20% greater daily job efficiency per engineer","Named-customer result. Preserve 'up to' and 'per engineer daily'. The page does not provide a measurement methodology.","https://www.bigchange.com/ | https://docs.google.com/spreadsheets/d/1UbipLHa7N5TEIy7evqdyKLaHV87MBwX9W2g2vJaXc88/edit?pli=1&gid=905535356#gid=905535356 | https://app.g2digitalmarkets.com/products/4e18268f-3248-4693-a1e0-a6d200b2e0b2/softwareadvice#content-header | https://www.bigchange.com/success-stories/ses-home-services-report-a-tangible-return-on-investment","2026-09-23","Verified on live BigChange case study"
"Software Advice","Screenshot Caption 1","Media","UK job management cockpit","The current caption names the screen but does not explain the workflow or buyer benefit.","P1","job scheduling software uk (P1)","Schedulers need to see how the day is planned and changed.","Visual scheduling cockpit","Shows assignments, availability and live status together","Your buyer can see how scheduling pressure is handled","Replace the scheduling spreadsheet with one live view of jobs and engineers. Dispatch by skill, location and availability, then send changes directly to the field team.","255","168","None","No customer metric used.","https://app.g2digitalmarkets.com/products/4e18268f-3248-4693-a1e0-a6d200b2e0b2/softwareadvice/screenshots#content-header | https://www.bigchange.com/","2026-09-23","No customer proof required"
"Software Advice","Screenshot Caption 2","Media","UK job management reports","The current caption names the screen but does not explain the workflow or buyer benefit.","P1","business reporting software (P2 supporting term)","Managers need current operating information without rebuilding spreadsheets.","Operational and financial dashboard","Brings decision information into one view","Your buyer can see how managers spot exceptions","Give managers a current view of jobs, customers and finances. Dashboards make it easier to spot delays, review performance and decide where attention is needed.","255","160","None","No customer metric used.","https://app.g2digitalmarkets.com/products/4e18268f-3248-4693-a1e0-a6d200b2e0b2/softwareadvice/screenshots#content-header | https://www.bigchange.com/","2026-09-23","No customer proof required"
"Software Advice","Screenshot Caption 3","Media","UK job management fleet tracking","The current caption names the screen but does not explain the workflow or buyer benefit.","P1","vehicle tracking software uk (P1)","Dispatchers need live resource context without repeated calls.","Live fleet tracking map","Combines vehicles, engineers and active jobs","Your buyer can see how dispatch and fleet oversight improve","When an urgent job arrives, see which suitable engineer is nearby and available. Live vehicle and job visibility helps dispatchers respond without repeated phone calls.","255","168","None","No customer metric used.","https://app.g2digitalmarkets.com/products/4e18268f-3248-4693-a1e0-a6d200b2e0b2/softwareadvice/screenshots#content-header | https://www.bigchange.com/","2026-09-23","No customer proof required"
"Software Advice","Video Recommendation","Media","https://www.youtube.com/watch?v=3-26Aa_8i9A","The shared overview was published 15 December 2022 and does not reflect BigChange Lightning or the current 2026 positioning.","P1","job management software uk plus current product entity alignment","Buyers need a current product demonstration rather than a dated brand overview.","BigChange Lightning product demonstration","Shows the current AI layer and connected field-service workflows","Your buyer gets a clearer, current view of the product before conversion","https://www.youtube.com/watch?v=4fcnxzGWkN0","URL field","43","None","No customer metric used.","https://www.youtube.com/watch?v=3-26Aa_8i9A | https://www.youtube.com/watch?v=4fcnxzGWkN0 | https://www.bigchange.com/lightning","2026-09-23","Verified public and embeddable on 2026-09-23. Confirm channel fit and package availability at publication."
"GetApp","Long Description","Default","BigChange provides all-in-one job management software for UK field teams.  It helps field service businesses across the UK to win more work, take control of their operations and deliver winning customer experiences. It combines customer relationship management (CRM), job scheduling, live tracking, field resource management, financial management, and business intelligence into 1 easy-to-use platform.

Now with AI automations and digital workers (AI agents) that help you accomplish more with less.

BigChange liberates you from inefficient paper-based processes and the complexity of multiple different technology systems that hold your business back. Loved by office and field teams alike, our customers are achieving industry leading results and return on investment.

The BigChange team is committed to customer success and no matter your sector or whether you have a mobile workforce of 10 or a 100, we’re here to make a big difference to the way you work and to help your business grow stronger.","The copy repeats broad outcomes, uses first-person language and unsupported industry-leading and ROI claims, and underuses GetApp's longer comparison field.","P1","job management software uk (P1, confidence 95)","Buyers need enough workflow detail to compare how office, field, customer and finance work connects.","CRM, scheduling, tracking, mobile, finance, integrations and AI automations","Explains the data flow from enquiry through field completion and reporting","Your team can evaluate fit against specific operational problems","BigChange is job management software UK field teams can use to plan work, control operations and keep customers informed from one cloud platform. Bring CRM, job scheduling, live vehicle and resource tracking, mobile working, financial management and business intelligence together, so your office and field teams work from the same job information instead of paper and disconnected systems.

Win and manage work with an integrated CRM, sales pipeline, quotes and customer records. Build schedules with drag and drop job and resource planning, then use live tracking to see progress and help dispatch the right engineer. Automated confirmations, ETA alerts, service reminders and a customer portal help you keep customers updated without adding more calls to the office.

Give field teams the BigChange JobWatch app on Android and iOS. Engineers can access job details, complete digital job cards and worksheets, capture electronic signatures and watermarked photos, record expenses and timesheets, and carry out driver and vehicle checks while on the move. Completed information flows back to the office for faster reporting, invoicing and payment collection.

Connect BigChange with tools including Sage, Xero, Microsoft Dynamics NAV, QuickBooks and SAP Business One. Use AI automations and digital workers to support repeatable admin tasks while your team stays in control.

The operational impact is documented by BigChange customers. Flow Free Drainage reports that two team members now handle around 60 jobs a day, compared with five to six people before. This before-and-after result is specific to Flow Free's operation and appears on a legacy JobWatch case study.

Choose BigChange when you need one job management platform to connect customers, jobs, people, vehicles, finances and performance across your UK field operation.","4000","1834","Flow Free Drainage | Drainage, waste and environmental | two office staff handling about 60 jobs daily versus five or six previously","Named-customer before-and-after statement. The source uses legacy JobWatch branding and publishes no visible date, so retain the precise comparison and avoid the separate growth claim.","https://www.bigchange.com/ | https://docs.google.com/spreadsheets/d/1UbipLHa7N5TEIy7evqdyKLaHV87MBwX9W2g2vJaXc88/edit?pli=1&gid=905535356#gid=905535356 | https://app.g2digitalmarkets.com/products/4e18268f-3248-4693-a1e0-a6d200b2e0b2/getapp#content-header | https://www.bigchange.com/success-stories/bigchange-drives-40-growth-with-paperless-working-at-flow-free-drainage","2026-09-23","Verified on live BigChange case study"
"GetApp","Short Description","Default","BigChange is the complete Job Management Platform, helping building maintenance, construction, environmental and other field service companies to streamline operations, grow revenue and deliver winning customer experiences.","The copy lists sectors and generic growth outcomes rather than the connected product workflow.","P1","job management software uk (P1, confidence 95)","Comparison buyers need a concise statement of category, capabilities and outcome.","CRM, scheduling, tracking, mobile work, invoicing and reporting","Condenses the end-to-end workflow","Your buyer can establish relevance quickly","BigChange brings CRM, job scheduling, live tracking, mobile working, invoicing and reporting into one job management platform, helping UK field teams replace paper, control every job and keep customers informed.","300","211","None","No customer metric used.","https://www.bigchange.com/ | https://docs.google.com/spreadsheets/d/1UbipLHa7N5TEIy7evqdyKLaHV87MBwX9W2g2vJaXc88/edit?pli=1&gid=905535356#gid=905535356","2026-09-23","No customer proof required"
"GetApp","Tagline","Default","BigChange provides AI-first job management software.","The tagline names AI but omits the verified UK field-team ICP.","P1","job management software uk (P1, confidence 95)","Buyers need immediate ICP and category recognition.","Job management platform for UK field teams","Aligns the entity with homepage positioning","Improves clarity in a scan-heavy placement","Job management software for UK field teams.","60","43","None","No customer metric used.","https://www.bigchange.com/ | https://docs.google.com/spreadsheets/d/1UbipLHa7N5TEIy7evqdyKLaHV87MBwX9W2g2vJaXc88/edit?pli=1&gid=905535356#gid=905535356","2026-09-23","No customer proof required"
"GetApp","Benefits","Default","• BigChange Job Management Platform is a cloud-based field service management system that includes an integrated back-office CRM with drag and drop job / resource scheduling, customizable template-driven workflows, invoicing, health & safety and more.

• BigChange Job Management Platform adds an integrated vehicle tracking component spanning back-office live Google Mapping, geofencing, journey history logs, fleet and resource management, timesheets and performance reporting with alerts.

• An on-demand booking website is made available to customers, via which they can log into a branded portal from any web-enabled device to place new job bookings, check current job status, and view service histories and documentation.

• BigChange integrates with other third-party management applications including Sage, Xero, Microsoft Dynamics NAV, QuickBooks and SAP Business One.

• The companion BigChange JobWatch mobile app for Android and iOS devices adds field-based feature support along with electronic signatures, watermarked photo capture, expense logging, timesheets, holiday and absence recording, plus driver checking and vehicle maintenance.","The existing bullets are feature-led, contain dated wording and do not connect capabilities to operational pains or qualified customer evidence.","P1","job management software uk plus supporting feature terms","Buyers need specific reasons the platform reduces paper, improves dispatch and shortens administrative handoffs.","Connected workflow, field app, customer portal, integrations, BI and automation","Groups capabilities around real buyer jobs","Your buyer can compare concrete benefits and source-qualified outcomes","- Control every job from one platform. Connect CRM, quotes, job scheduling, live tracking, mobile workflows, invoicing and business intelligence, so office and field teams work from the same information.

- Schedule and dispatch with greater visibility. Drag and drop jobs and resources, track vehicles and engineers live, and use ETA alerts to keep customers informed when plans change.

- Replace paper in the field. The BigChange JobWatch app lets engineers view jobs, complete digital job cards and worksheets, capture electronic signatures and watermarked photos, log expenses and timesheets, and complete driver and vehicle checks.

- Turn completed work into cash sooner. Move job information back to the office for invoicing and payment collection. Serious Waste Management reports more than 60% less time creating and issuing invoices.

- Make reporting less labour intensive. Use business intelligence and performance reporting to understand operations. EFT Systems reports saving 30 to 40 reporting hours each month using BigChange with Snowflake Data as a Service and Rathbone Results.

- Allocate work faster. Baydale Control Systems reports 80% faster job allocation after connecting digital stock records with visibility into vehicle stock.

- Give customers self-service visibility. A branded portal lets customers request work, check job status, and view service history and documents from any web-enabled device.

- Connect the systems you already use. BigChange integrates with Sage, Xero, Microsoft Dynamics NAV, QuickBooks and SAP Business One.

These customer results are specific to each named operation and do not establish typical outcomes.","4000","1665","Serious Waste Management | Waste management | more than 60% less time to create and issue invoices; EFT Systems | Fire and security | 30 to 40 reporting hours saved each month; Baydale Control Systems | Fire and security | jobs allocated 80% faster","Named-customer invoicing result. Exclude the page's conflicting growth figures. Result requires BigChange, Snowflake Data as a Service and partner Rathbone Results. It is not evidence for the base platform alone. Named-customer result tied to digital stock records and engineer vehicle-stock visibility. Do not generalise the result.","https://www.bigchange.com/ | https://www.bigchange.com/success-stories/bigchange-job-management-system-helps-waste-company-seriously-grow-business | https://www.bigchange.com/success-stories/how-bigchange-and-rathbone-results-saved-eft-systems-40-hours-per-month | https://www.bigchange.com/success-stories/baydale-transforms-stock-management-using-bigchange","2026-09-23","Verified on live BigChange case study"
"GetApp","Short Description","Building Maintenance","BigChange is the complete Job Management Platform, helping building maintenance companies to plan, manage, schedule & track maintenance jobs in one simple to use, easy to integrate, cloud-based platform.","The current copy repeats a generic platform formula and gives limited category-specific workflow detail.","P2","building maintenance software (P2 supporting term, confidence 60)","Reactive and planned maintenance jobs are hard to coordinate across office and field teams.","Scheduling, asset context, mobile job records and live progress","Keeps maintenance work and service history connected","Your team gets clearer job visibility with less paper handling","Plan reactive and scheduled building maintenance in one place. Give your office a clear view of jobs, engineers, assets and service history while mobile teams capture updates and proof of work on site.","300","201","None","No customer metric used.","https://www.bigchange.com/ | https://docs.google.com/spreadsheets/d/1UbipLHa7N5TEIy7evqdyKLaHV87MBwX9W2g2vJaXc88/edit?pli=1&gid=905535356#gid=905535356 | https://app.g2digitalmarkets.com/products/4e18268f-3248-4693-a1e0-a6d200b2e0b2/getapp#content-header","2026-09-23","No customer proof required"
"GetApp","Short Description","CMMS","BigChange is the complete Job Management Platform, helping building maintenance companies to plan, manage, schedule & track maintenance jobs in one simple to use, easy to integrate, cloud-based platform.","The current copy repeats a generic platform formula and gives limited category-specific workflow detail.","P2","facilities maintenance software (P1 adjacent term, confidence 95)","Assets, service history and reminders sit in separate systems.","Asset records, maintenance scheduling, service reminders and mobile updates","Connects maintenance activity to the relevant asset and history","Your team can plan work with fewer information gaps","Keep assets, maintenance jobs, service history and reminders connected. Your team can schedule work, record field updates and see the information needed to make better maintenance decisions.","300","190","None","No customer metric used.","https://www.bigchange.com/ | https://docs.google.com/spreadsheets/d/1UbipLHa7N5TEIy7evqdyKLaHV87MBwX9W2g2vJaXc88/edit?pli=1&gid=905535356#gid=905535356 | https://app.g2digitalmarkets.com/products/4e18268f-3248-4693-a1e0-a6d200b2e0b2/getapp#content-header","2026-09-23","No customer proof required"
"GetApp","Short Description","Calendar","BigChange is the complete Job Management Platform, helping building maintenance, construction, environmental and other field service companies to streamline operations, grow revenue and deliver winning customer experiences.","The category inherits generic default copy and does not answer the category intent.","P0","job scheduling software uk (P1 adjacent term, confidence 95)","Schedulers rebuild the day when urgent work or delays appear.","Shared visual calendar and job-resource scheduling","Updates office plans and field assignments from one workflow","Your team responds to change without spreadsheet rework","Use job scheduling software UK field teams can follow from office to site. Plan jobs and resources in one shared calendar, respond to changes quickly and keep customers updated.","300","177","None","No customer metric used.","https://www.bigchange.com/ | https://docs.google.com/spreadsheets/d/1UbipLHa7N5TEIy7evqdyKLaHV87MBwX9W2g2vJaXc88/edit?pli=1&gid=905535356#gid=905535356 | https://app.g2digitalmarkets.com/products/4e18268f-3248-4693-a1e0-a6d200b2e0b2/getapp#content-header","2026-09-23","No customer proof required"
"GetApp","Short Description","Contractor Management","BigChange is the complete Job Management Platform, helping companies to plan, manage, schedule & track jobs in one simple to use, easy to integrate, cloud-based platform.","The current copy repeats a generic platform formula and gives limited category-specific workflow detail.","P2","subcontractor management software (P2 supporting term, confidence 60)","Subcontractor allocation, acceptance and updates are scattered across calls and messages.","Contractor allocation, shared job details and status updates","Keeps external resources inside the job workflow","Your office gains visibility without chasing every update","Use subcontractor management software to allocate work, share job details and receive updates in one workflow. Gain clearer visibility without relying on calls, paper or disconnected messages.","300","192","None","No customer metric used.","https://www.bigchange.com/ | https://docs.google.com/spreadsheets/d/1UbipLHa7N5TEIy7evqdyKLaHV87MBwX9W2g2vJaXc88/edit?pli=1&gid=905535356#gid=905535356 | https://app.g2digitalmarkets.com/products/4e18268f-3248-4693-a1e0-a6d200b2e0b2/getapp#content-header","2026-09-23","No customer proof required"
"GetApp","Short Description","Delivery Management","BigChange Job Management Platform is the paperless way for companies to plan, manage, schedule & track deliveries in one simple to use and easy to integrate platform. Our smart scheduling uses real time data to optimise routing and allocate the perfect resource for every delivery.","The current copy repeats a generic platform formula and gives limited category-specific workflow detail.","P2","electronic proof of delivery software (P2 supporting term, confidence 60)","Delivery outcomes and customer sign-off reach the office late.","Mobile job details, signatures, photos and completion records","Creates a digital proof trail at the point of service","Your office sees delivery outcomes sooner","Use electronic proof of delivery software to give mobile teams clear job details and capture signatures, photos and completion records. The office gets faster visibility of every delivery outcome.","300","196","None","No customer metric used.","https://www.bigchange.com/ | https://docs.google.com/spreadsheets/d/1UbipLHa7N5TEIy7evqdyKLaHV87MBwX9W2g2vJaXc88/edit?pli=1&gid=905535356#gid=905535356 | https://app.g2digitalmarkets.com/products/4e18268f-3248-4693-a1e0-a6d200b2e0b2/getapp#content-header","2026-09-23","No customer proof required"
"GetApp","Short Description","Electrical Contractor","BigChange is the complete Job Management Platform, helping electrical companies to plan, manage, schedule & track jobs in one simple to use, easy to integrate, cloud-based platform.","The current copy repeats a generic platform formula and gives limited category-specific workflow detail.","P2","electrician job management software uk (P1, confidence 95)","Electrical job details and site records do not move cleanly between office and engineers.","Scheduling, mobile job details, digital records, quotes and invoices","Connects the electrical job from assignment to completion","Your team reduces re-entry and keeps work moving","Use electrician job management software UK teams can rely on to schedule engineers, share job details, capture site records and move completed electrical work towards invoicing.","300","177","None","No customer metric used.","https://www.bigchange.com/ | https://docs.google.com/spreadsheets/d/1UbipLHa7N5TEIy7evqdyKLaHV87MBwX9W2g2vJaXc88/edit?pli=1&gid=905535356#gid=905535356 | https://app.g2digitalmarkets.com/products/4e18268f-3248-4693-a1e0-a6d200b2e0b2/getapp#content-header","2026-09-23","No customer proof required"
"GetApp","Short Description","Equipment Maintenance","BigChange is the complete Job Management Platform, helping building maintenance companies to plan, manage, schedule & track maintenance jobs in one simple to use, easy to integrate, cloud-based platform.","The current copy repeats a generic platform formula and gives limited category-specific workflow detail.","P2","field service asset management software; service reminder software (P2 supporting terms, confidence 60)","Teams lack one view of equipment history and upcoming service work.","Asset records, service reminders, engineer scheduling and mobile updates","Keeps equipment context with each maintenance job","Your team can act before service work is missed","Keep equipment, service jobs and maintenance information connected. Schedule engineers, send reminders and capture mobile updates so your team has a clearer view of asset work and history.","300","188","None","No customer metric used.","https://www.bigchange.com/ | https://docs.google.com/spreadsheets/d/1UbipLHa7N5TEIy7evqdyKLaHV87MBwX9W2g2vJaXc88/edit?pli=1&gid=905535356#gid=905535356 | https://app.g2digitalmarkets.com/products/4e18268f-3248-4693-a1e0-a6d200b2e0b2/getapp#content-header","2026-09-23","No customer proof required"
"GetApp","Short Description","Facility Management","BigChange is the complete Job Management Platform, helping building maintenance companies to plan, manage, schedule & track maintenance jobs in one simple to use, easy to integrate, cloud-based platform.","The current copy repeats a generic platform formula and gives limited category-specific workflow detail.","P2","facilities maintenance software (P1, confidence 95)","Facilities teams coordinate jobs, assets and contractors across disconnected tools.","Job scheduling, asset context, mobile workflows and customer updates","Creates one operating view from request to completion","Your office and field teams work from the same information","Use facilities maintenance software to coordinate jobs, engineers, assets and customer updates. Give the office and field one view of work, from scheduling through completion and reporting.","300","189","None","No customer metric used.","https://www.bigchange.com/ | https://docs.google.com/spreadsheets/d/1UbipLHa7N5TEIy7evqdyKLaHV87MBwX9W2g2vJaXc88/edit?pli=1&gid=905535356#gid=905535356 | https://app.g2digitalmarkets.com/products/4e18268f-3248-4693-a1e0-a6d200b2e0b2/getapp#content-header","2026-09-23","No customer proof required"
"GetApp","Short Description","Field Service Management","BigChange is the complete Field Service Management Platform, helping field service companies to plan, manage, schedule & track jobs in one simple to use, easy to integrate, cloud-based platform.","The current copy repeats a generic platform formula and gives limited category-specific workflow detail.","P2","field service management software (P2 supporting term, confidence 60)","CRM, scheduling, field activity, finance and reporting are disconnected.","CRM, scheduling, tracking, mobile workflows, invoicing and BI","Connects the full job lifecycle in one platform","Your team gains control without stitching systems together","Bring CRM, scheduling, live tracking, mobile workflows, invoicing and reporting into one field service management software platform. Control each job while keeping field teams and customers informed.","300","199","None","No customer metric used.","https://www.bigchange.com/ | https://docs.google.com/spreadsheets/d/1UbipLHa7N5TEIy7evqdyKLaHV87MBwX9W2g2vJaXc88/edit?pli=1&gid=905535356#gid=905535356 | https://app.g2digitalmarkets.com/products/4e18268f-3248-4693-a1e0-a6d200b2e0b2/getapp#content-header","2026-09-23","No customer proof required"
"GetApp","Short Description","Forms Automation","BigChange is the complete Job Management Platform, helping building maintenance, construction, environmental and other field service companies to streamline operations, grow revenue and deliver winning customer experiences.","The category inherits generic default copy and does not answer the category intent.","P0","job sheet software; job card software (P2 supporting terms, confidence 60)","Paper job sheets arrive late or incomplete.","Reusable mobile forms, job cards, signatures and photos","Captures structured field evidence at the job","Your office receives clearer records without rekeying paper","Replace paper job sheets with mobile forms and reusable workflows. Engineers can capture signatures, watermarked photos and job details on site, giving the office clearer and faster records.","300","190","None","No customer metric used.","https://www.bigchange.com/ | https://docs.google.com/spreadsheets/d/1UbipLHa7N5TEIy7evqdyKLaHV87MBwX9W2g2vJaXc88/edit?pli=1&gid=905535356#gid=905535356 | https://app.g2digitalmarkets.com/products/4e18268f-3248-4693-a1e0-a6d200b2e0b2/getapp#content-header","2026-09-23","No customer proof required"
"GetApp","Short Description","Garage Door","BigChange is the complete Job Management Platform, helping garage doors companies to plan, manage, schedule & track jobs in one simple to use, easy to integrate, cloud-based platform.","The current copy repeats a generic platform formula and gives limited category-specific workflow detail.","P2","industrial door software (P2 adjacent term, confidence 60)","Installation and service visits are difficult to coordinate across mobile teams.","Customer records, scheduling, mobile jobs and completion evidence","Keeps door service work connected from office to site","Your team gets a clearer view of every visit","Coordinate installation, maintenance and repair work with one view of customers, jobs and mobile teams. Schedule the right engineer and capture service records, photos and sign-off on site.","300","189","None","No customer metric used.","https://www.bigchange.com/ | https://docs.google.com/spreadsheets/d/1UbipLHa7N5TEIy7evqdyKLaHV87MBwX9W2g2vJaXc88/edit?pli=1&gid=905535356#gid=905535356 | https://app.g2digitalmarkets.com/products/4e18268f-3248-4693-a1e0-a6d200b2e0b2/getapp#content-header","2026-09-23","No customer proof required"
"GetApp","Short Description","HVAC","BigChange is the complete Job Management Platform, helping HVAC companies to plan, manage, schedule & track jobs in one simple to use, easy to integrate, cloud-based platform.","The current copy repeats a generic platform formula and gives limited category-specific workflow detail.","P2","hvac service software (P2 supporting term, confidence 60)","HVAC teams lose time when schedules, site details and completion records are disconnected.","Service scheduling, mobile job history and field records","Gives technicians current information and returns updates to the office","Your team can allocate more routine work with less coordination","Use HVAC service software to connect customers, schedules, engineers and job records. Give technicians mobile access to the information they need and move completed work back to the office faster.","300","196","None","No customer metric used.","https://www.bigchange.com/ | https://docs.google.com/spreadsheets/d/1UbipLHa7N5TEIy7evqdyKLaHV87MBwX9W2g2vJaXc88/edit?pli=1&gid=905535356#gid=905535356 | https://app.g2digitalmarkets.com/products/4e18268f-3248-4693-a1e0-a6d200b2e0b2/getapp#content-header","2026-09-23","No customer proof required"
"GetApp","Short Description","Handyman","BigChange is the complete Job Management Platform, helping handyman companies to plan, manage, schedule & track jobs in one simple to use, easy to integrate, cloud-based platform.","The current copy repeats a generic platform formula and gives limited category-specific workflow detail.","P2","job management software uk (P1 broad term, confidence 95)","Small mobile jobs are tracked through calls, paper and separate calendars.","Scheduling, mobile job details and completion records","Keeps each handyman job in one workflow","Your office sees progress without chasing updates","Use job management software UK field teams can access from office to site. Schedule handyman work, share job details, capture completion records and keep customers informed in one workflow.","300","189","None","No customer metric used.","https://www.bigchange.com/ | https://docs.google.com/spreadsheets/d/1UbipLHa7N5TEIy7evqdyKLaHV87MBwX9W2g2vJaXc88/edit?pli=1&gid=905535356#gid=905535356 | https://app.g2digitalmarkets.com/products/4e18268f-3248-4693-a1e0-a6d200b2e0b2/getapp#content-header","2026-09-23","No customer proof required"
"GetApp","Short Description","Inspection","BigChange Job Platform is the paperless way for teams to plan, manage, schedule & carry out inspections in one simple to use and easy to integrate platform. Give your field teams instant access inspection records on a cloud based tablet & seamlessly connect your field teams, office & customers.","The current copy repeats a generic platform formula and gives limited category-specific workflow detail.","P2","risk assessment software; job sheet software (P2 adjacent terms, confidence 60)","Inspection and risk records are incomplete or delayed when they remain on paper.","Digital forms, risk assessments, signatures and photos","Creates a structured evidence trail on site","Your team returns complete inspection records to the office faster","Move inspections from paper to controlled digital workflows. Send clear job details to the field, capture risk assessments, signatures and photos, and return complete records to the office.","300","189","None","No customer metric used.","https://www.bigchange.com/ | https://docs.google.com/spreadsheets/d/1UbipLHa7N5TEIy7evqdyKLaHV87MBwX9W2g2vJaXc88/edit?pli=1&gid=905535356#gid=905535356 | https://app.g2digitalmarkets.com/products/4e18268f-3248-4693-a1e0-a6d200b2e0b2/getapp#content-header","2026-09-23","No customer proof required"
"GetApp","Short Description","Janitorial","BigChange is the complete Job Management Platform, helping cleaning companies to plan, manage, schedule & track jobs in one simple to use, easy to integrate, cloud-based platform.","The current copy repeats a generic platform formula and gives limited category-specific workflow detail.","P2","cleaning business software uk (P1 adjacent term, confidence 95)","Cleaning teams need simple tasks and reliable proof without complex field tools.","Scheduling, mobile tasks, worksheets and completion evidence","Standardises field records while keeping the workflow easy to follow","Your office spends less time handling paper folders","Use cleaning business software UK teams can follow without complex processes. Schedule work, share tasks with mobile staff, capture completion evidence and give the office clearer job visibility.","300","195","None","No customer metric used.","https://www.bigchange.com/ | https://docs.google.com/spreadsheets/d/1UbipLHa7N5TEIy7evqdyKLaHV87MBwX9W2g2vJaXc88/edit?pli=1&gid=905535356#gid=905535356 | https://app.g2digitalmarkets.com/products/4e18268f-3248-4693-a1e0-a6d200b2e0b2/getapp#content-header","2026-09-23","No customer proof required"
"GetApp","Short Description","Job Costing","BigChange Job Management Platform has powerful, paperless job costing capabilities, allowing field teams to generate & send invoices, quotes, estimates, purchase orders and credit notes in seconds. Includes easy-to-use integrations with Sage, Xero, Quickbooks & other accounting softwares.","The current copy repeats a generic platform formula and gives limited category-specific workflow detail.","P2","job quoting software; field service invoicing software (P2 supporting terms, confidence 60)","Quotes, labour, expenses and invoices are difficult to connect to the job.","Quotes, timesheets, expenses, purchase information and invoices","Keeps financial job data together","Your team gets clearer cost and billing visibility with less re-entry","Connect quotes, job activity, expenses, timesheets and invoices so you can see the information behind each job. Reduce rekeying and move completed work towards billing with fewer handoffs.","300","188","None","No customer metric used.","https://www.bigchange.com/ | https://docs.google.com/spreadsheets/d/1UbipLHa7N5TEIy7evqdyKLaHV87MBwX9W2g2vJaXc88/edit?pli=1&gid=905535356#gid=905535356 | https://app.g2digitalmarkets.com/products/4e18268f-3248-4693-a1e0-a6d200b2e0b2/getapp#content-header","2026-09-23","No customer proof required"
"GetApp","Short Description","Locksmith","BigChange is the complete Job Management Platform, helping locksmith companies to plan, manage, schedule & track jobs in one simple to use, easy to integrate, cloud-based platform.","The current copy repeats a generic platform formula and gives limited category-specific workflow detail.","P2","job management software uk (P1 broad term, confidence 95)","Urgent locksmith jobs are coordinated through calls and incomplete field notes.","Scheduling, mobile job details and proof of work","Connects dispatch and completion in one record","Your office stays updated while locksmiths remain mobile","Plan, schedule and track locksmith jobs from one platform. Give mobile teams customer and job details, capture proof of work on site and keep the office updated without paper processes.","300","185","None","No customer metric used.","https://www.bigchange.com/ | https://docs.google.com/spreadsheets/d/1UbipLHa7N5TEIy7evqdyKLaHV87MBwX9W2g2vJaXc88/edit?pli=1&gid=905535356#gid=905535356 | https://app.g2digitalmarkets.com/products/4e18268f-3248-4693-a1e0-a6d200b2e0b2/getapp#content-header","2026-09-23","No customer proof required"
"GetApp","Short Description","Maintenance Management","BigChange is the complete Job Management Platform, helping building maintenance companies to plan, manage, schedule & track maintenance jobs in one simple to use, easy to integrate, cloud-based platform.","The current copy repeats a generic platform formula and gives limited category-specific workflow detail.","P2","facilities maintenance software; building maintenance software (P1/P2 terms)","Planned and reactive work compete for attention across assets and teams.","Scheduling, asset records, reminders and service history","Gives maintenance teams one view of work due and work completed","Your team can prioritise with clearer operational context","Coordinate maintenance schedules, assets, engineers and service reminders in one workflow. Capture mobile updates and service history so your team can act with clearer operational visibility.","300","191","None","No customer metric used.","https://www.bigchange.com/ | https://docs.google.com/spreadsheets/d/1UbipLHa7N5TEIy7evqdyKLaHV87MBwX9W2g2vJaXc88/edit?pli=1&gid=905535356#gid=905535356 | https://app.g2digitalmarkets.com/products/4e18268f-3248-4693-a1e0-a6d200b2e0b2/getapp#content-header","2026-09-23","No customer proof required"
"GetApp","Short Description","Pest Control","BigChange is the complete Job Management Platform, helping pest control companies to plan, manage, schedule & track jobs in one simple to use, easy to integrate, cloud-based platform.","The current copy repeats a generic platform formula and gives limited category-specific workflow detail.","P2","pest control software (P2 supporting term, confidence 60)","Visits, compliance records, quotes and follow-ups are scattered.","Customer records, scheduling, mobile forms and reporting","Keeps pest-control work and evidence connected","Your technicians and office share a more complete job record","Use pest control software to manage customers, schedules, mobile visits, compliance records and reporting. Give technicians clear job information and capture site evidence while work is completed.","300","196","None","No customer metric used.","https://www.bigchange.com/ | https://docs.google.com/spreadsheets/d/1UbipLHa7N5TEIy7evqdyKLaHV87MBwX9W2g2vJaXc88/edit?pli=1&gid=905535356#gid=905535356 | https://app.g2digitalmarkets.com/products/4e18268f-3248-4693-a1e0-a6d200b2e0b2/getapp#content-header","2026-09-23","No customer proof required"
"GetApp","Short Description","Plumbing","BigChange is the complete Job Management Platform, helping plumbing companies to plan, manage, schedule & track maintenance jobs in one simple to use, easy to integrate, cloud-based platform.","The current copy repeats a generic platform formula and gives limited category-specific workflow detail.","P2","plumbing job management software uk (P1, confidence 95)","Plumbing jobs move slowly when scheduling, field updates and invoicing are separate.","Scheduling, mobile job information, quotes and invoices","Connects the plumbing job from booking to billing","Your team completes the handoff with less repeated entry","Use plumbing job management software UK teams can rely on to schedule work, send job details, capture field updates and connect completed plumbing jobs with quotes and invoicing.","300","178","None","No customer metric used.","https://www.bigchange.com/ | https://docs.google.com/spreadsheets/d/1UbipLHa7N5TEIy7evqdyKLaHV87MBwX9W2g2vJaXc88/edit?pli=1&gid=905535356#gid=905535356 | https://app.g2digitalmarkets.com/products/4e18268f-3248-4693-a1e0-a6d200b2e0b2/getapp#content-header","2026-09-23","No customer proof required"
"GetApp","Short Description","Plumbing Estimating","BigChange Job Management Platform is the paperless way for plumbing businesses to estimate, manage, schedule & track jobs in one simple to use and easy to integrate, cloud-based platform.","The current copy repeats a generic platform formula and gives limited category-specific workflow detail.","P2","plumbing job management software uk (P1); job quoting software (P2)","Accepted estimates must be re-entered before work can be scheduled and billed.","Customer records, quotes, scheduling and invoices","Carries job information from estimate into delivery","Your office reduces duplicate setup and keeps the commercial trail intact","Connect plumbing quotes with customer, job and scheduling information. Create a clearer handoff from estimate to planned work, field completion and invoicing without re-entering the same details.","300","195","None","No customer metric used.","https://www.bigchange.com/ | https://docs.google.com/spreadsheets/d/1UbipLHa7N5TEIy7evqdyKLaHV87MBwX9W2g2vJaXc88/edit?pli=1&gid=905535356#gid=905535356 | https://app.g2digitalmarkets.com/products/4e18268f-3248-4693-a1e0-a6d200b2e0b2/getapp#content-header","2026-09-23","No customer proof required"
"GetApp","Short Description","Preventive Maintenance","BigChange is the complete Job Management Platform, helping building maintenance companies to plan, manage, schedule & track maintenance jobs in one simple to use, easy to integrate, cloud-based platform","The current copy repeats a generic platform formula and gives limited category-specific workflow detail.","P2","service reminder software; field service asset management software (P2 supporting terms, confidence 60)","Upcoming service work is missed when asset dates and reminders are disconnected.","Asset history, service reminders and planned scheduling","Turns service dates into visible work","Your team can plan visits before obligations are missed","Plan preventive work with connected asset information, service reminders and field records. Help teams schedule visits, capture completion evidence and maintain a clearer service history.","300","187","None","No customer metric used.","https://www.bigchange.com/ | https://docs.google.com/spreadsheets/d/1UbipLHa7N5TEIy7evqdyKLaHV87MBwX9W2g2vJaXc88/edit?pli=1&gid=905535356#gid=905535356 | https://app.g2digitalmarkets.com/products/4e18268f-3248-4693-a1e0-a6d200b2e0b2/getapp#content-header","2026-09-23","No customer proof required"
"GetApp","Short Description","Public Works","BigChange is the complete Job Management Platform, helping companies to plan, manage, schedule & track public works in one simple to use, easy to integrate, cloud-based platform.","The current copy repeats a generic platform formula and gives limited category-specific workflow detail.","P2","public sector crm; highways maintenance software (P2 adjacent terms, confidence 60)","Public works teams need consistent job records across mobile crews and assets.","Job scheduling, mobile records, asset context and reporting","Keeps field updates visible to the office","Your team gains a clearer operational record across maintenance work","Coordinate public works jobs, mobile teams, assets and field records in one platform. Schedule work, capture site updates and give the office clearer visibility across maintenance operations.","300","191","None","No customer metric used.","https://www.bigchange.com/ | https://docs.google.com/spreadsheets/d/1UbipLHa7N5TEIy7evqdyKLaHV87MBwX9W2g2vJaXc88/edit?pli=1&gid=905535356#gid=905535356 | https://app.g2digitalmarkets.com/products/4e18268f-3248-4693-a1e0-a6d200b2e0b2/getapp#content-header","2026-09-23","No customer proof required"
"GetApp","Short Description","Scheduling","BigChange Job Management Platform is the paperless way for companies to plan, manage, schedule & track jobs in one simple to use platform. Our smart scheduling uses real time data to optimise routing and allocate the perfect resource for each job helping companies improve efficiency and cut costs.","The current copy repeats a generic platform formula and gives limited category-specific workflow detail.","P2","job scheduling software uk (P1, confidence 95)","Dispatchers cannot see current availability when jobs change.","Drag-and-drop job and resource scheduling with live updates","Matches work to people and sends changes to the field","Your team adapts the day without rebuilding the plan","Use job scheduling software UK field teams can follow in real time. Drag and drop jobs and resources, respond to changes quickly and share current job information with mobile engineers.","300","185","None","No customer metric used.","https://www.bigchange.com/ | https://docs.google.com/spreadsheets/d/1UbipLHa7N5TEIy7evqdyKLaHV87MBwX9W2g2vJaXc88/edit?pli=1&gid=905535356#gid=905535356 | https://app.g2digitalmarkets.com/products/4e18268f-3248-4693-a1e0-a6d200b2e0b2/getapp#content-header","2026-09-23","No customer proof required"
"GetApp","Short Description","Security System Installer","BigChange is the complete Job Management Platform, helping security system companies to plan, manage, schedule & track jobs in one simple to use, easy to integrate, cloud-based platform.","The current copy repeats a generic platform formula and gives limited category-specific workflow detail.","P2","fire and security job management software (P1, confidence 95)","Installation, service and stock information are disconnected from engineer availability.","Scheduling, mobile jobs, stock visibility and digital certification","Connects resource decisions to current job and stock data","Your team can allocate suitable work faster","Use fire and security job management software to coordinate installation and service work. Schedule engineers, share site details and capture job records, photos and sign-off in the field.","300","188","None","No customer metric used.","https://www.bigchange.com/ | https://docs.google.com/spreadsheets/d/1UbipLHa7N5TEIy7evqdyKLaHV87MBwX9W2g2vJaXc88/edit?pli=1&gid=905535356#gid=905535356 | https://app.g2digitalmarkets.com/products/4e18268f-3248-4693-a1e0-a6d200b2e0b2/getapp#content-header","2026-09-23","No customer proof required"
"GetApp","Short Description","Service Dispatch","BigChange Job Management Platform is the paperless way for companies to plan, manage, schedule & track jobs in one simple to use platform. Our smart scheduling uses real time data to optimise routing and allocate the perfect resource for each job helping companies improve efficiency and cut costs.","The current copy repeats a generic platform formula and gives limited category-specific workflow detail.","P2","job scheduling software uk; vehicle tracking software uk (P1 adjacent terms, confidence 95)","Urgent work triggers calls because dispatchers cannot see the nearest suitable engineer.","Scheduling, skills, availability and live vehicle tracking","Brings resource choice and location into dispatch","Your team responds with fewer manual check-ins","Schedule jobs and use live vehicle tracking to help send the right engineer. Give dispatchers a clearer view of field resources while mobile teams receive current job details and updates.","300","187","None","No customer metric used.","https://www.bigchange.com/ | https://docs.google.com/spreadsheets/d/1UbipLHa7N5TEIy7evqdyKLaHV87MBwX9W2g2vJaXc88/edit?pli=1&gid=905535356#gid=905535356 | https://app.g2digitalmarkets.com/products/4e18268f-3248-4693-a1e0-a6d200b2e0b2/getapp#content-header","2026-09-23","No customer proof required"
"GetApp","Short Description","Work Order","BigChange is the complete Field Service Management Platform, helping field service companies to plan, manage, schedule & track jobs in one simple to use, easy to integrate, cloud-based platform.","The current copy repeats a generic platform formula and gives limited category-specific workflow detail.","P2","job card software; job sheet software (P2 supporting terms, confidence 60)","Paper work orders create slow handoffs and missing evidence.","Digital job cards, worksheets, signatures and photos","Moves instructions and completion records through one workflow","Your office receives a complete record without transporting paper","Turn work orders into connected digital job cards and job sheets. Send clear instructions to the field, capture signatures and photos, and return complete records to the office without paper.","300","191","None","No customer metric used.","https://www.bigchange.com/ | https://docs.google.com/spreadsheets/d/1UbipLHa7N5TEIy7evqdyKLaHV87MBwX9W2g2vJaXc88/edit?pli=1&gid=905535356#gid=905535356 | https://app.g2digitalmarkets.com/products/4e18268f-3248-4693-a1e0-a6d200b2e0b2/getapp#content-header","2026-09-23","No customer proof required"
"GetApp","Short Description","Workforce Management","BigChange is the complete Job Management Platform, helping field service companies to plan, manage, schedule & track jobs in one simple to use, easy to integrate, cloud-based platform. Streamline your operations & seamlessly connect your office, & field teams in one platform.","The current copy repeats a generic platform formula and gives limited category-specific workflow detail.","P2","mobile workforce management software (P2 supporting term, confidence 60)","Managers lack one view of schedules, locations, time and completed work.","Mobile jobs, scheduling, live tracking, timesheets and field records","Connects office plans with mobile activity","Your managers see progress and exceptions in one place","Use mobile workforce management software to connect office plans with field activity. Schedule people, share job information, capture time and completion records, and see progress in one place.","300","193","None","No customer metric used.","https://www.bigchange.com/ | https://docs.google.com/spreadsheets/d/1UbipLHa7N5TEIy7evqdyKLaHV87MBwX9W2g2vJaXc88/edit?pli=1&gid=905535356#gid=905535356 | https://app.g2digitalmarkets.com/products/4e18268f-3248-4693-a1e0-a6d200b2e0b2/getapp#content-header","2026-09-23","No customer proof required"
"GetApp","Screenshot Caption 1","Media","UK job management cockpit","The current caption names the screen but does not explain the workflow or buyer benefit.","P1","job scheduling software uk (P1)","Schedulers need to see how the day is planned and changed.","Visual scheduling cockpit","Shows assignments, availability and live status together","Your buyer can see how scheduling pressure is handled","Coordinate jobs from a visual scheduling cockpit that connects assignments, engineer availability and live status with updates sent to the mobile workforce.","255","156","None","No customer metric used.","https://app.g2digitalmarkets.com/products/4e18268f-3248-4693-a1e0-a6d200b2e0b2/getapp/screenshots#content-header | https://www.bigchange.com/","2026-09-23","No customer proof required"
"GetApp","Screenshot Caption 2","Media","UK job management reports","The current caption names the screen but does not explain the workflow or buyer benefit.","P1","business reporting software (P2 supporting term)","Managers need current operating information without rebuilding spreadsheets.","Operational and financial dashboard","Brings decision information into one view","Your buyer can see how managers spot exceptions","Bring operational and financial reporting into one dashboard. Review job progress, team performance and business data without moving information between separate tools.","255","168","None","No customer metric used.","https://app.g2digitalmarkets.com/products/4e18268f-3248-4693-a1e0-a6d200b2e0b2/getapp/screenshots#content-header | https://www.bigchange.com/","2026-09-23","No customer proof required"
"GetApp","Screenshot Caption 3","Media","UK fleet management","The current caption names the screen but does not explain the workflow or buyer benefit.","P1","vehicle tracking software uk (P1)","Dispatchers need live resource context without repeated calls.","Live fleet tracking map","Combines vehicles, engineers and active jobs","Your buyer can see how dispatch and fleet oversight improve","Map live vehicles and active jobs together. Use nearest-resource search, journey histories and geofence alerts to support dispatch, fleet oversight and customer updates.","255","169","None","No customer metric used.","https://app.g2digitalmarkets.com/products/4e18268f-3248-4693-a1e0-a6d200b2e0b2/getapp/screenshots#content-header | https://www.bigchange.com/","2026-09-23","No customer proof required"
"GetApp","Video Recommendation","Media","https://www.youtube.com/watch?v=3-26Aa_8i9A","The shared overview was published 15 December 2022 and does not reflect BigChange Lightning or the current 2026 positioning.","P1","job management software uk plus current product entity alignment","Buyers need a current product demonstration rather than a dated brand overview.","BigChange Lightning product demonstration","Shows the current AI layer and connected field-service workflows","Your buyer gets a clearer, current view of the product before conversion","https://www.youtube.com/watch?v=4fcnxzGWkN0","URL field","43","None","No customer metric used.","https://www.youtube.com/watch?v=3-26Aa_8i9A | https://www.youtube.com/watch?v=4fcnxzGWkN0 | https://www.bigchange.com/lightning","2026-09-23","Verified public and embeddable on 2026-09-23. Confirm channel fit and package availability at publication."
"Cross-channel","Pricing Details","Default","Vehicle Tracking = £14.95 per vehicle, per month
JobWatch = £69.95 per vehicle, per month
JobWatch Plus = £99.95 per vehicle, per month","The field lists JobWatch at £69.95 while the active Job Management plan displays £79.95. The page was last updated 16 May 2024, and the current public pricing page is quote-based.","P0","job management software uk (P1)","Conflicting public prices undermine buyer trust and lead quality.","Quote-based pricing with plan inclusions and optional extras","Avoids publishing unresolved amounts while explaining pricing variables","Your buyer sees a consistent commercial framework","BigChange provides pricing by quotation. The current UK pricing page states that plans include support, CRM, job scheduling, a mobile app, live tracking, quotes and invoices, business intelligence and the collaboration network. Optional extras listed publicly include AI dashcams, fleet services, fuel cards, Data as a Service and mobile hardware or data packages. Final pricing may depend on office and mobile users, vehicle-tracking hardware, installation, optional services and contract terms.","5000","496","None","No customer metric used.","https://www.bigchange.com/pricing | https://app.g2digitalmarkets.com/products/4e18268f-3248-4693-a1e0-a6d200b2e0b2/pricing#content-header","2026-09-23","Blocked for publication until the £79.95 versus £69.95 conflict and 2024 freshness are resolved."
"Cross-channel","Pricing Plan Description","Vehicle Tracking","This plan is designed for vehicle tracking with the driver mobile app.","The plan description is dated and the current public pricing page does not display this package or amount. Portal plan prices also conflict with the pricing-details field.","P0","vehicle tracking software uk (P1)","Buyers need current inclusions and a consistent billing basis.","Fleet visibility and driver tools","Explains the intended plan fit without repeating an unverified price","Your buyer gets clearer plan context while commercial terms remain verification-gated","For teams that need live fleet visibility. View engineers, technicians and vehicles on a map, find the nearest suitable resource for urgent work, review journey histories and use geofence alerts for key locations. Driver behaviour and electronic vehicle checks help the office monitor fleet activity.","1000","300","None","No customer metric used.","https://www.bigchange.com/pricing | https://app.g2digitalmarkets.com/products/4e18268f-3248-4693-a1e0-a6d200b2e0b2/pricing#content-header","2026-09-23","Blocked for publication until BigChange confirms package, price, billing unit and included terms."
"Cross-channel","Pricing Plan Description","Job Management","All–in–one mobile workforce management includes free vehicle tracking with every mobile user.","The plan description is dated and the current public pricing page does not display this package or amount. Portal plan prices also conflict with the pricing-details field.","P0","job management software uk (P1)","Buyers need current inclusions and a consistent billing basis.","Job management workflow and mobile package","Explains the intended plan fit without repeating an unverified price","Your buyer gets clearer plan context while commercial terms remain verification-gated","For office and mobile teams that want one workflow from enquiry to invoice. Job Management connects CRM, team planning, scheduling, live tracking, quotes, invoices, worksheets, workflows, job cards, customer booking and performance dashboards. Engineers receive job information on the mobile app while office teams see live progress and completed records.","1000","355","None","No customer metric used.","https://www.bigchange.com/pricing | https://app.g2digitalmarkets.com/products/4e18268f-3248-4693-a1e0-a6d200b2e0b2/pricing#content-header","2026-09-23","Blocked for publication until BigChange confirms package, price, billing unit and included terms."
"Cross-channel","Pricing Plan Description","Job Management Plus","JobWatchPlus is charged per mobile user per month and includes fully managed rugged Samsung tablets.","The plan description is dated and the current public pricing page does not display this package or amount. Portal plan prices also conflict with the pricing-details field.","P0","job management software uk (P1)","Buyers need current inclusions and a consistent billing basis.","Job management workflow and mobile package","Explains the intended plan fit without repeating an unverified price","Your buyer gets clearer plan context while commercial terms remain verification-gated","Job Management Plus adds a managed rugged tablet package for field users to the core Job Management workflow. Keep office and field information connected while mobile teams receive jobs, capture records and return completed work through a managed device.","1000","254","None","No customer metric used.","https://www.bigchange.com/pricing | https://app.g2digitalmarkets.com/products/4e18268f-3248-4693-a1e0-a6d200b2e0b2/pricing#content-header","2026-09-23","Blocked for publication until BigChange confirms package, price, billing unit and included terms."
"Cross-channel","Pricing Plan Description","Job Management Unlimited","All-in-one job management including rugged tablet or smartphone, unlimited calls + data and hard-wired vehicle tracking for mobile users.","The plan description is dated and the current public pricing page does not display this package or amount. Portal plan prices also conflict with the pricing-details field.","P0","job management software uk (P1)","Buyers need current inclusions and a consistent billing basis.","Job management workflow and mobile package","Explains the intended plan fit without repeating an unverified price","Your buyer gets clearer plan context while commercial terms remain verification-gated","Job Management Unlimited adds a rugged tablet or smartphone, mobile connectivity and hard-wired vehicle tracking for field users to the core Job Management workflow. Keep jobs, field records, people and vehicles connected from one operating view.","1000","246","None","No customer metric used.","https://www.bigchange.com/pricing | https://app.g2digitalmarkets.com/products/4e18268f-3248-4693-a1e0-a6d200b2e0b2/pricing#content-header","2026-09-23","Blocked for publication until BigChange confirms package, price, billing unit and included terms."
